STATION,DATE,HOUR,DIA,MES ,O3,NO,NO2,NOX,SO2,CO,PM10,PM2.5,IT,ET,RH,WS,WD,PP,ATM,RS,UVI,TIMESTAMP,O3_ppb,O3_8h,PM10_12h,PM25_12h,Cat_O3,Cat_PM10,Cat_PM25,Categoria_Global,Contaminante_Dominante
PIN,2024-03-01 00:00:00,0,1,3,0.011,,,,,,77.0,52.6,20.97,15.06,,5.24,51.0,0.0,,,,2024-03-01 00:00:00,11.0,,,,,,,,
PIN,2024-03-01 01:00:00,1,1,3,0.011,,,,,,67.0,43.0,21.09,14.34,,,52.5,0.0,,,,2024-03-01 01:00:00,11.0,,,,,,,,
PIN,2024-03-01 02:00:00,2,1,3,0.021,,,,,,48.0,24.5,21.0,13.58,,,54.0,0.0,,,,2024-03-01 02:00:00,21.0,,,,,,,,
PIN,2024-03-01 03:00:00,3,1,3,0.01,,,,,,42.0,29.1,21.0,12.12,,,57.2,0.0,,,,2024-03-01 03:00:00,10.0,,,,,,,,
PIN,2024-03-01 04:00:00,4,1,3,0.005,,,,,,85.0,56.1,21.29,11.0,,,59.5,0.0,,,,2024-03-01 04:00:00,5.0,,,,,,,,
PIN,2024-03-01 05:00:00,5,1,3,0.005,,,,,,124.0,87.0,21.36,10.39,,,60.9,0.0,,155.1,,2024-03-01 05:00:00,5.0,10.5,,,Buena,,,Buena,O3
PIN,2024-03-01 06:00:00,6,1,3,0.006,,,,,,140.0,100.6,21.87,9.44,,,62.2,0.0,,152.7,,2024-03-01 06:00:00,6.0,9.857142857142858,,,Buena,,,Buena,O3
PIN,2024-03-01 07:00:00,7,1,3,0.006,,,,,,170.0,112.5,21.77,8.99,,,63.6,0.0,,153.7,,2024-03-01 07:00:00,6.0,9.375,,,Buena,,,Buena,O3
PIN,2024-03-01 08:00:00,8,1,3,0.008,,,,,,202.0,147.6,21.02,12.89,,,55.9,0.0,,157.3,,2024-03-01 08:00:00,8.0,9.0,106.11111111111111,72.55555555555556,Buena,Mala,Mala,Mala,"PM10, PM25"
PIN,2024-03-01 09:00:00,9,1,3,0.025,,,,,,218.0,179.6,20.75,17.43,,,47.0,0.0,528.46,58.7,,2024-03-01 09:00:00,25.0,10.75,117.3,83.26,Buena,Mala,Muy Mala,Muy Mala,PM25
PIN,2024-03-01 10:00:00,10,1,3,0.039,,,,,,127.0,,21.05,20.65,,2.74,39.4,0.0,589.53,171.5,,2024-03-01 10:00:00,39.0,13.0,118.18181818181819,83.26,Buena,Mala,Muy Mala,Muy Mala,PM25
PIN,2024-03-01 11:00:00,11,1,3,0.044,,,,,,64.0,,21.46,23.72,,0.96,33.4,0.0,636.13,198.0,,2024-03-01 11:00:00,44.0,17.25,113.66666666666667,83.26,Buena,Mala,Muy Mala,Muy Mala,PM25
PIN,2024-03-01 12:00:00,12,1,3,0.051,,,,,,41.0,,22.6,25.42,,4.32,29.9,0.0,660.55,210.7,,2024-03-01 12:00:00,51.0,23.0,110.66666666666667,86.66666666666667,Buena,Mala,Muy Mala,Muy Mala,PM25
PIN,2024-03-01 13:00:00,13,1,3,0.047,,,,,,46.0,,23.52,26.35,,12.64,28.1,0.0,669.82,233.1,,2024-03-01 13:00:00,47.0,28.25,108.91666666666667,,Buena,Mala,,Mala,PM10
PIN,2024-03-01 14:00:00,14,1,3,0.046,,,,,,44.0,38.2,23.63,26.86,,10.8,28.2,0.0,639.92,224.3,,2024-03-01 14:00:00,46.0,33.25,108.58333333333333,,Buena,Mala,,Mala,PM10
PIN,2024-03-01 15:00:00,15,1,3,0.043,,,,,,47.0,37.5,23.89,26.98,,7.14,27.6,0.0,581.35,156.7,,2024-03-01 15:00:00,43.0,37.875,109.0,,Buena,Mala,,Mala,PM10
PIN,2024-03-01 16:00:00,16,1,3,0.04,,,,,,43.0,,23.7,26.39,,6.49,28.6,0.0,512.05,98.9,,2024-03-01 16:00:00,40.0,41.875,105.5,,Buena,Mala,,Mala,PM10
PIN,2024-03-01 17:00:00,17,1,3,0.037,,,,,,55.0,44.2,22.78,24.89,,14.58,32.0,0.0,,130.7,,2024-03-01 17:00:00,37.0,43.375,99.75,,Buena,Mala,,Mala,PM10
PIN,2024-03-01 18:00:00,18,1,3,0.027,,,,,,73.0,49.2,21.27,22.43,,8.31,36.7,0.0,,127.1,,2024-03-01 18:00:00,27.0,41.875,94.16666666666667,,Buena,Mala,,Mala,PM10
PIN,2024-03-01 19:00:00,19,1,3,0.026,,,,,,62.0,40.0,20.93,20.84,,4.67,40.2,0.0,,165.2,,2024-03-01 19:00:00,26.0,39.625,85.16666666666667,,Buena,Mala,,Mala,PM10
PIN,2024-03-01 20:00:00,20,1,3,0.012,,,,,,61.0,40.4,20.94,19.57,,5.17,42.9,0.0,,,,2024-03-01 20:00:00,12.0,34.75,73.41666666666667,,Buena,Aceptable,,Aceptable,PM10
PIN,2024-03-01 21:00:00,21,1,3,0.01,,,,,,78.0,47.1,21.02,18.36,,4.59,44.6,0.0,,,,2024-03-01 21:00:00,10.0,30.125,61.75,,Buena,Aceptable,,Aceptable,PM10
PIN,2024-03-01 22:00:00,22,1,3,0.015,,,,,,64.0,40.7,21.01,17.51,,,46.1,0.0,,,,2024-03-01 22:00:00,15.0,26.25,56.5,,Buena,Aceptable,,Aceptable,PM10
PIN,2024-03-01 23:00:00,23,1,3,0.019,,,,,,64.0,43.5,21.16,16.24,,,47.4,0.0,,,,2024-03-01 23:00:00,19.0,23.25,56.5,42.31111111111111,Buena,Aceptable,Aceptable,Aceptable,"PM10, PM25"
PIN,2024-03-02 00:00:00,0,2,3,0.022,,,,,,39.0,24.0,21.17,15.19,,,49.9,0.0,,,,2024-03-02 00:00:00,22.0,21.0,56.333333333333336,40.480000000000004,Buena,Aceptable,Aceptable,Aceptable,"PM10, PM25"
PIN,2024-03-02 01:00:00,1,2,3,0.019,,,,,,29.0,20.4,21.02,14.76,,,52.1,0.0,,,,2024-03-02 01:00:00,19.0,18.75,54.916666666666664,38.654545454545456,Buena,Aceptable,Aceptable,Aceptable,"PM10, PM25"
PIN,2024-03-02 02:00:00,2,2,3,0.013,,,,,,37.0,21.8,21.12,14.51,,,52.3,0.0,,0.4,,2024-03-02 02:00:00,13.0,17.0,54.333333333333336,37.163636363636364,Buena,Aceptable,Aceptable,Aceptable,"PM10, PM25"
PIN,2024-03-02 03:00:00,3,2,3,0.014,,,,,,44.0,26.4,20.99,13.59,,,54.6,0.0,,0.2,,2024-03-02 03:00:00,14.0,15.5,54.083333333333336,36.154545454545456,Buena,Aceptable,Aceptable,Aceptable,"PM10, PM25"
PIN,2024-03-02 04:00:00,4,2,3,0.011,,,,,,53.0,31.8,21.08,12.32,,,57.1,0.0,,,,2024-03-02 04:00:00,11.0,15.375,54.916666666666664,35.791666666666664,Buena,Aceptable,Aceptable,Aceptable,"PM10, PM25"
PIN,2024-03-02 05:00:00,5,2,3,0.004,,,,,,63.0,48.5,21.08,11.44,,,58.8,0.0,,0.3,,2024-03-02 05:00:00,4.0,14.625,55.583333333333336,36.15,Buena,Aceptable,Aceptable,Aceptable,"PM10, PM25"
PIN,2024-03-02 06:00:00,6,2,3,0.005,,,,,,107.0,74.3,21.42,10.48,,,59.8,0.0,,1.9,,2024-03-02 06:00:00,5.0,13.375,58.416666666666664,38.24166666666667,Buena,Aceptable,Aceptable,Aceptable,"PM10, PM25"
PIN,2024-03-02 07:00:00,7,2,3,0.004,,,,,,110.0,70.3,21.2,9.81,,,60.5,0.0,,4.0,,2024-03-02 07:00:00,4.0,11.5,62.416666666666664,40.766666666666666,Buena,Aceptable,Aceptable,Aceptable,"PM10, PM25"
PIN,2024-03-02 08:00:00,8,2,3,0.009,,,,,,144.0,114.2,20.98,12.8,,,54.3,0.0,,22.4,,2024-03-02 08:00:00,9.0,9.875,69.33333333333333,46.916666666666664,Buena,Aceptable,Mala,Mala,PM25
PIN,2024-03-02 09:00:00,9,2,3,0.022,,,,,,191.0,177.6,20.96,17.61,,,45.6,0.0,527.12,35.5,,2024-03-02 09:00:00,22.0,10.25,78.75,57.791666666666664,Buena,Mala,Mala,Mala,"PM10, PM25"
PIN,2024-03-02 10:00:00,10,2,3,0.029,,,,,,126.0,,21.32,20.75,,,40.0,0.0,587.37,147.3,,2024-03-02 10:00:00,29.0,12.25,83.91666666666667,59.345454545454544,Buena,Mala,Mala,Mala,"PM10, PM25"
PIN,2024-03-02 11:00:00,11,2,3,0.044,,,,,,78.0,,21.95,22.54,,,35.5,0.0,634.22,176.8,,2024-03-02 11:00:00,44.0,16.0,85.08333333333333,60.92999999999999,Buena,Mala,Mala,Mala,"PM10, PM25"
PIN,2024-03-02 12:00:00,12,2,3,0.056,,,,,,48.0,,22.17,24.54,,5.29,31.5,0.0,660.38,162.2,,2024-03-02 12:00:00,56.0,21.625,85.83333333333333,65.03333333333333,Buena,Mala,Mala,Mala,"PM10, PM25"
PIN,2024-03-02 13:00:00,13,2,3,0.048,,,,,,41.0,,22.76,26.05,,12.51,28.5,0.0,668.82,216.4,,2024-03-02 13:00:00,48.0,27.125,86.83333333333333,,Buena,Mala,,Mala,PM10
PIN,2024-03-02 14:00:00,14,2,3,0.046,,,,,,52.0,46.8,23.11,26.48,,8.62,28.3,0.0,654.74,152.7,,2024-03-02 14:00:00,46.0,32.25,88.08333333333333,,Buena,Mala,,Mala,PM10
PIN,2024-03-02 15:00:00,15,2,3,0.041,,,,,,49.0,41.0,23.3,26.92,,10.3,27.0,0.0,600.76,82.4,,2024-03-02 15:00:00,41.0,36.875,88.5,,Buena,Mala,,Mala,PM10
PIN,2024-03-02 16:00:00,16,2,3,0.039,,,,,,52.0,44.6,23.24,26.9,,10.67,27.2,0.0,541.71,116.7,,2024-03-02 16:00:00,39.0,40.625,88.41666666666667,,Buena,Mala,,Mala,PM10
PIN,2024-03-02 17:00:00,17,2,3,0.041,,,,,,58.0,49.3,22.72,26.02,,10.3,29.1,0.0,,58.0,,2024-03-02 17:00:00,41.0,43.0,88.0,,Buena,Mala,,Mala,PM10
PIN,2024-03-02 18:00:00,18,2,3,0.037,,,,,,51.0,43.2,21.92,24.73,,10.44,31.6,0.0,,59.4,,2024-03-02 18:00:00,37.0,44.0,83.33333333333333,,Buena,Mala,,Mala,PM10
PIN,2024-03-02 19:00:00,19,2,3,0.027,,,,,,53.0,42.9,21.02,21.64,,6.24,37.9,0.0,,104.0,,2024-03-02 19:00:00,27.0,41.875,78.58333333333333,,Buena,Mala,,Mala,PM10
PIN,2024-03-02 20:00:00,20,2,3,0.026,,,,,,47.0,29.5,20.9,19.99,,8.94,41.4,0.0,,,,2024-03-02 20:00:00,26.0,38.125,70.5,,Buena,Aceptable,,Aceptable,PM10
PIN,2024-03-02 21:00:00,21,2,3,0.027,,,,,,52.0,37.2,20.95,18.46,,0.04,44.6,0.0,,,,2024-03-02 21:00:00,27.0,35.5,58.916666666666664,,Buena,Aceptable,,Aceptable,PM10
PIN,2024-03-02 22:00:00,22,2,3,0.029,,,,,,48.0,22.3,21.02,17.34,,2.78,47.3,0.0,,,,2024-03-02 22:00:00,29.0,33.375,52.416666666666664,39.64444444444444,Buena,Aceptable,Aceptable,Aceptable,"PM10, PM25"
PIN,2024-03-02 23:00:00,23,2,3,0.018,,,,,,46.0,31.7,21.06,16.36,,1.27,48.5,0.0,,,,2024-03-02 23:00:00,18.0,30.5,49.75,38.85,Buena,Buena,Aceptable,Aceptable,PM25
PIN,2024-03-03 00:00:00,0,3,3,0.018,,,,,,73.0,49.7,21.01,15.24,,0.04,51.0,0.0,,,,2024-03-03 00:00:00,18.0,27.875,51.833333333333336,39.836363636363636,Buena,Aceptable,Aceptable,Aceptable,"PM10, PM25"
PIN,2024-03-03 01:00:00,1,3,3,0.021,,,,,,51.0,30.6,21.13,14.19,,4.71,53.3,0.0,,,,2024-03-03 01:00:00,21.0,25.375,52.666666666666664,39.06666666666666,Buena,Aceptable,Aceptable,Aceptable,"PM10, PM25"
PIN,2024-03-03 02:00:00,2,3,3,0.023,,,,,,29.0,16.0,21.1,14.11,,,53.3,0.0,,,,2024-03-03 02:00:00,23.0,23.625,50.75,36.5,Buena,Aceptable,Aceptable,Aceptable,"PM10, PM25"
PIN,2024-03-03 03:00:00,3,3,3,0.02,,,,,,28.0,12.5,21.06,13.41,,,54.0,0.0,,,,2024-03-03 03:00:00,20.0,22.75,49.0,34.125,Buena,Buena,Aceptable,Aceptable,PM25
PIN,2024-03-03 04:00:00,4,3,3,0.008,,,,,,38.0,26.8,21.22,12.58,,,56.3,0.0,,,,2024-03-03 04:00:00,8.0,20.5,47.833333333333336,32.641666666666666,Buena,Buena,Aceptable,Aceptable,PM25
PIN,2024-03-03 05:00:00,5,3,3,0.007,,,,,,77.0,58.5,21.04,11.22,,,58.9,0.0,,0.0,,2024-03-03 05:00:00,7.0,18.0,49.416666666666664,33.40833333333333,Buena,Buena,Aceptable,Aceptable,PM25
PIN,2024-03-03 06:00:00,6,3,3,0.005,,,,,,129.0,96.5,21.41,10.37,,,61.3,0.0,,0.4,,2024-03-03 06:00:00,5.0,15.0,55.916666666666664,37.85,Buena,Aceptable,Aceptable,Aceptable,"PM10, PM25"
PIN,2024-03-03 07:00:00,7,3,3,0.005,,,,,,127.0,84.5,21.3,10.2,,,61.1,0.0,,1.0,,2024-03-03 07:00:00,5.0,13.375,62.083333333333336,41.31666666666667,Buena,Aceptable,Aceptable,Aceptable,"PM10, PM25"
PIN,2024-03-03 08:00:00,8,3,3,0.01,,,,,,95.0,76.6,20.91,14.05,,0.07,50.4,0.0,,15.5,,2024-03-03 08:00:00,10.0,12.375,66.08333333333333,45.24166666666667,Buena,Aceptable,Mala,Mala,PM25
PIN,2024-03-03 09:00:00,9,3,3,0.023,,,,,,96.0,93.2,21.0,17.58,,1.21,48.5,0.0,531.52,16.4,,2024-03-03 09:00:00,23.0,12.625,69.75,49.90833333333333,Buena,Aceptable,Mala,Mala,PM25
PIN,2024-03-03 10:00:00,10,3,3,0.039,,,,,,58.0,,21.62,20.16,,2.99,44.4,0.0,591.25,45.4,,2024-03-03 10:00:00,39.0,14.625,70.58333333333333,52.41818181818182,Buena,Aceptable,Mala,Mala,PM25
PIN,2024-03-03 11:00:00,11,3,3,0.048,,,,,,40.0,,21.91,22.67,,8.93,35.9,0.0,637.96,121.0,,2024-03-03 11:00:00,48.0,18.125,70.08333333333333,54.489999999999995,Buena,Aceptable,Mala,Mala,PM25
PIN,2024-03-03 12:00:00,12,3,3,0.045,,,,,,35.0,,22.0,24.23,,13.39,32.4,0.0,665.54,74.0,,2024-03-03 12:00:00,45.0,22.75,66.91666666666667,55.02222222222222,Buena,Aceptable,Mala,Mala,PM25
PIN,2024-03-03 13:00:00,13,3,3,0.044,,,,,,43.0,,22.52,25.28,,12.97,30.7,0.0,670.95,74.2,,2024-03-03 13:00:00,44.0,27.375,66.25,,Buena,Aceptable,,Aceptable,PM10
PIN,2024-03-03 14:00:00,14,3,3,0.04,,,,,,50.0,50.1,22.84,26.34,,9.27,28.4,0.0,653.08,113.5,,2024-03-03 14:00:00,40.0,31.75,68.0,,Buena,Aceptable,,Aceptable,PM10
PIN,2024-03-03 15:00:00,15,3,3,0.038,,,,,,75.0,68.8,23.15,26.94,,10.72,27.8,0.0,617.44,155.4,,2024-03-03 15:00:00,38.0,35.875,71.91666666666667,,Buena,Aceptable,,Aceptable,PM10
PIN,2024-03-03 16:00:00,16,3,3,0.039,,,,,,64.0,55.6,23.16,26.7,,7.25,27.9,0.0,561.2,168.3,,2024-03-03 16:00:00,39.0,39.5,74.08333333333333,,Buena,Aceptable,,Aceptable,PM10
PIN,2024-03-03 17:00:00,17,3,3,0.039,,,,,,56.0,48.0,22.74,26.25,,13.1,28.9,0.0,,181.8,,2024-03-03 17:00:00,39.0,41.5,72.33333333333333,,Buena,Aceptable,,Aceptable,PM10
PIN,2024-03-03 18:00:00,18,3,3,0.037,,,,,,49.0,41.2,21.87,24.9,,13.37,31.3,0.0,,128.5,,2024-03-03 18:00:00,37.0,41.25,65.66666666666667,,Buena,Aceptable,,Aceptable,PM10
PIN,2024-03-03 19:00:00,19,3,3,0.03,,,,,,54.0,41.7,21.05,22.0,,11.2,37.5,0.0,,103.4,,2024-03-03 19:00:00,30.0,39.0,59.583333333333336,,Buena,Aceptable,,Aceptable,PM10
PIN,2024-03-03 20:00:00,20,3,3,0.026,,,,,,60.0,30.5,20.95,19.54,,,41.7,0.0,,,,2024-03-03 20:00:00,26.0,36.625,56.666666666666664,,Buena,Aceptable,,Aceptable,PM10
PIN,2024-03-03 21:00:00,21,3,3,0.02,,,,,,39.0,13.9,20.96,17.45,,,44.9,0.0,,,,2024-03-03 21:00:00,20.0,33.625,51.916666666666664,,Buena,Aceptable,,Aceptable,PM10
PIN,2024-03-03 22:00:00,22,3,3,0.01,,,,,,46.0,28.1,21.07,16.7,,,47.6,0.0,,,,2024-03-03 22:00:00,10.0,29.875,50.916666666666664,41.988888888888894,Buena,Aceptable,Aceptable,Aceptable,"PM10, PM25"
PIN,2024-03-03 23:00:00,23,3,3,0.016,,,,,,53.0,29.2,21.14,16.21,,,48.0,0.0,,,,2024-03-03 23:00:00,16.0,27.125,52.0,40.71,Buena,Aceptable,Aceptable,Aceptable,"PM10, PM25"
PIN,2024-03-04 00:00:00,0,4,3,0.01,,,,,,67.0,47.7,21.03,15.23,,,51.5,0.0,,,,2024-03-04 00:00:00,10.0,23.5,54.666666666666664,41.345454545454544,Buena,Aceptable,Aceptable,Aceptable,"PM10, PM25"
PIN,2024-03-04 01:00:00,1,4,3,0.017,,,,,,64.0,47.4,21.15,14.26,,,53.3,0.0,,0.1,,2024-03-04 01:00:00,17.0,20.75,56.416666666666664,41.85,Buena,Aceptable,Aceptable,Aceptable,"PM10, PM25"
PIN,2024-03-04 02:00:00,2,4,3,0.015,,,,,,51.0,28.0,21.08,13.18,,,55.3,0.0,,0.2,,2024-03-04 02:00:00,15.0,18.0,56.5,40.00833333333333,Buena,Aceptable,Aceptable,Aceptable,"PM10, PM25"
PIN,2024-03-04 03:00:00,3,4,3,0.008,,,,,,42.0,22.4,21.06,12.03,,,57.7,0.0,,,,2024-03-04 03:00:00,8.0,15.25,53.75,36.141666666666666,Buena,Aceptable,Aceptable,Aceptable,"PM10, PM25"
PIN,2024-03-04 04:00:00,4,4,3,0.006,,,,,,104.0,68.0,21.44,11.0,,,59.7,0.0,,,,2024-03-04 04:00:00,6.0,12.75,57.083333333333336,37.175000000000004,Buena,Aceptable,Aceptable,Aceptable,"PM10, PM25"
PIN,2024-03-04 05:00:00,5,4,3,0.007,,,,,,162.0,118.4,21.29,10.43,,,60.9,0.0,,5.9,,2024-03-04 05:00:00,7.0,11.125,65.91666666666667,43.041666666666664,Buena,Aceptable,Aceptable,Aceptable,"PM10, PM25"
PIN,2024-03-04 06:00:00,6,4,3,0.005,,,,,,156.0,114.8,21.26,9.62,,,62.1,0.0,,4.7,,2024-03-04 06:00:00,5.0,10.5,74.83333333333333,49.175000000000004,Buena,Aceptable,Mala,Mala,PM25
PIN,2024-03-04 07:00:00,7,4,3,0.005,,,,,,176.0,101.9,21.37,9.83,,,61.9,0.0,,7.1,,2024-03-04 07:00:00,5.0,9.125,85.0,54.19166666666666,Buena,Mala,Mala,Mala,"PM10, PM25"
PIN,2024-03-04 08:00:00,8,4,3,0.006,,,,,,171.0,108.8,20.98,13.2,,,55.2,0.0,,12.8,,2024-03-04 08:00:00,6.0,8.625,94.25,60.71666666666667,Buena,Mala,Mala,Mala,"PM10, PM25"
PIN,2024-03-04 09:00:00,9,4,3,0.017,,,,,,115.0,,21.06,17.52,,,46.9,0.0,531.65,18.3,,2024-03-04 09:00:00,17.0,8.625,100.58333333333333,64.97272727272728,Buena,Mala,Mala,Mala,"PM10, PM25"
PIN,2024-03-04 10:00:00,10,4,3,0.035,,,,,,86.0,,21.36,20.09,,1.0,40.7,0.0,594.96,30.2,,2024-03-04 10:00:00,35.0,11.125,103.91666666666667,68.66,Buena,Mala,Mala,Mala,"PM10, PM25"
PIN,2024-03-04 11:00:00,11,4,3,0.041,,,,,,34.0,,21.55,22.46,,3.19,36.2,0.0,640.98,42.2,,2024-03-04 11:00:00,41.0,15.25,102.33333333333333,73.04444444444445,Buena,Mala,Mala,Mala,"PM10, PM25"
PIN,2024-03-04 12:00:00,12,4,3,0.043,,,,,,20.0,,21.94,24.13,,0.04,33.2,0.0,668.4,57.2,,2024-03-04 12:00:00,43.0,19.875,98.41666666666667,,Buena,Mala,,Mala,PM10
PIN,2024-03-04 13:00:00,13,4,3,0.04,,,,,,36.0,,22.56,25.15,,9.29,30.8,0.0,674.94,77.0,,2024-03-04 13:00:00,40.0,24.0,96.08333333333333,,Buena,Mala,,Mala,PM10
PIN,2024-03-04 14:00:00,14,4,3,0.038,,,,,,54.0,54.3,22.62,25.46,,14.76,30.2,0.0,657.21,108.5,,2024-03-04 14:00:00,38.0,28.125,96.33333333333333,,Buena,Mala,,Mala,PM10
PIN,2024-03-04 15:00:00,15,4,3,0.039,,,,,,63.0,54.4,22.77,26.07,,8.88,29.0,0.0,619.38,56.6,,2024-03-04 15:00:00,39.0,32.375,98.08333333333333,,Buena,Mala,,Mala,PM10
PIN,2024-03-04 16:00:00,16,4,3,0.037,,,,,,58.0,54.8,22.87,26.25,,4.92,28.5,0.0,564.47,50.5,,2024-03-04 16:00:00,37.0,36.25,94.25,,Buena,Mala,,Mala,PM10
PIN,2024-03-04 17:00:00,17,4,3,0.033,,,,,,47.0,42.9,22.86,26.11,,8.77,28.5,0.0,,67.6,,2024-03-04 17:00:00,33.0,38.25,84.66666666666667,,Buena,Mala,,Mala,PM10
PIN,2024-03-04 18:00:00,18,4,3,0.025,,,,,,47.0,41.2,22.06,24.55,,6.32,32.1,0.0,,51.2,,2024-03-04 18:00:00,25.0,37.0,75.58333333333333,,Buena,Mala,,Mala,PM10
PIN,2024-03-04 19:00:00,19,4,3,0.023,,,,,,64.0,56.0,21.03,21.24,,10.28,39.3,0.0,,20.8,,2024-03-04 19:00:00,23.0,34.75,66.25,,Buena,Aceptable,,Aceptable,PM10
PIN,2024-03-04 20:00:00,20,4,3,0.028,,,,,,82.0,64.6,20.9,19.11,,11.19,42.7,0.0,,,,2024-03-04 20:00:00,28.0,32.875,58.833333333333336,,Buena,Aceptable,,Aceptable,PM10
PIN,2024-03-04 21:00:00,21,4,3,0.023,,,,,,61.0,45.9,21.06,17.72,,4.45,45.5,0.0,,,,2024-03-04 21:00:00,23.0,30.75,54.333333333333336,,Buena,Aceptable,,Aceptable,PM10
PIN,2024-03-04 22:00:00,22,4,3,0.022,,,,,,47.0,29.2,21.1,16.46,,,48.6,0.0,,,,2024-03-04 22:00:00,22.0,28.75,51.083333333333336,49.25555555555556,Buena,Aceptable,Mala,Mala,PM25
PIN,2024-03-04 23:00:00,23,4,3,0.008,,,,,,44.0,33.8,21.12,15.46,,,50.8,0.0,,,,2024-03-04 23:00:00,8.0,24.875,51.916666666666664,47.71,Buena,Aceptable,Mala,Mala,PM25
PIN,2024-03-05 00:00:00,0,5,3,0.013,,,,,,56.0,29.3,21.23,14.37,,,52.7,0.0,,,,2024-03-05 00:00:00,13.0,21.875,54.916666666666664,46.03636363636363,Buena,Aceptable,Mala,Mala,PM25
PIN,2024-03-05 01:00:00,1,5,3,0.01,,,,,,42.0,22.8,21.54,12.71,,,55.7,0.0,,,,2024-03-05 01:00:00,10.0,19.0,55.416666666666664,44.1,Buena,Aceptable,Aceptable,Aceptable,"PM10, PM25"
PIN,2024-03-05 02:00:00,2,5,3,0.005,,,,,,54.0,32.8,21.88,10.39,,,59.2,0.0,,,,2024-03-05 02:00:00,5.0,16.5,55.416666666666664,42.30833333333333,Buena,Aceptable,Aceptable,Aceptable,"PM10, PM25"
PIN,2024-03-05 03:00:00,3,5,3,0.005,,,,,,86.0,56.1,22.21,9.61,,,61.4,0.0,,,,2024-03-05 03:00:00,5.0,14.25,57.333333333333336,42.449999999999996,Buena,Aceptable,Aceptable,Aceptable,"PM10, PM25"
PIN,2024-03-05 04:00:00,4,5,3,0.006,,,,,,86.0,65.4,21.94,9.7,,,62.0,0.0,,,,2024-03-05 04:00:00,6.0,11.5,59.666666666666664,43.333333333333336,Buena,Aceptable,Aceptable,Aceptable,"PM10, PM25"
PIN,2024-03-05 05:00:00,5,5,3,0.005,,,,,,89.0,65.1,22.28,8.51,,,63.4,0.0,,19.0,,2024-03-05 05:00:00,5.0,9.25,63.166666666666664,45.18333333333334,Buena,Aceptable,Mala,Mala,PM25
PIN,2024-03-05 06:00:00,6,5,3,0.005,,,,,,137.0,102.3,22.13,7.35,,,65.0,0.0,,3.7,,2024-03-05 06:00:00,5.0,7.125,70.66666666666667,50.275,Buena,Aceptable,Mala,Mala,PM25
PIN,2024-03-05 07:00:00,7,5,3,0.006,,,,,,189.0,136.4,22.19,7.0,,,65.8,0.0,,6.6,,2024-03-05 07:00:00,6.0,6.875,81.08333333333333,56.975,Buena,Mala,Mala,Mala,"PM10, PM25"
PIN,2024-03-05 08:00:00,8,5,3,0.008,,,,,,242.0,172.5,21.4,11.05,,,57.7,0.0,,12.1,,2024-03-05 08:00:00,8.0,6.25,94.41666666666667,65.96666666666665,Buena,Mala,Mala,Mala,"PM10, PM25"
PIN,2024-03-05 09:00:00,9,5,3,0.014,,,,,,265.0,193.5,20.93,15.13,,,50.1,0.0,534.18,42.4,,2024-03-05 09:00:00,14.0,6.75,111.41666666666667,78.26666666666667,Buena,Mala,Mala,Mala,"PM10, PM25"
PIN,2024-03-05 10:00:00,10,5,3,0.022,,,,,,181.0,161.2,21.0,19.58,,,42.2,0.0,594.13,97.0,,2024-03-05 10:00:00,22.0,8.875,122.58333333333333,89.26666666666667,Buena,Mala,Muy Mala,Muy Mala,PM25
PIN,2024-03-05 11:00:00,11,5,3,0.032,,,,,,97.0,97.3,21.49,22.82,,,34.4,0.0,643.42,137.3,,2024-03-05 11:00:00,32.0,12.25,127.0,94.55833333333334,Buena,Mala,Muy Mala,Muy Mala,PM25
PIN,2024-03-05 12:00:00,12,5,3,0.044,,,,,,68.0,66.7,22.39,24.58,,5.18,31.8,0.0,653.35,110.3,,2024-03-05 12:00:00,44.0,17.0,128.0,97.675,Buena,Mala,Muy Mala,Muy Mala,PM25
PIN,2024-03-05 13:00:00,13,5,3,0.056,,,,,,60.0,52.2,23.18,25.82,,10.47,29.6,0.0,662.3,100.3,,2024-03-05 13:00:00,56.0,23.375,129.5,100.125,Buena,Mala,Muy Mala,Muy Mala,PM25
PIN,2024-03-05 14:00:00,14,5,3,0.056,,,,,,67.0,52.7,23.86,26.83,,0.04,28.3,0.0,658.23,115.9,,2024-03-05 14:00:00,56.0,29.75,130.58333333333334,101.78333333333335,Buena,Mala,Muy Mala,Muy Mala,PM25
PIN,2024-03-05 15:00:00,15,5,3,0.043,,,,,,62.0,45.6,24.08,27.15,,2.4,27.1,0.0,621.77,111.8,,2024-03-05 15:00:00,43.0,34.375,128.58333333333334,100.90833333333335,Buena,Mala,Muy Mala,Muy Mala,PM25
PIN,2024-03-05 16:00:00,16,5,3,0.043,,,,,,60.0,49.9,24.13,27.04,,8.37,26.4,0.0,567.4,81.5,,2024-03-05 16:00:00,43.0,38.75,126.41666666666667,99.61666666666667,Buena,Mala,Muy Mala,Muy Mala,PM25
PIN,2024-03-05 17:00:00,17,5,3,0.042,,,,,,53.0,47.3,23.86,26.22,,6.76,28.7,0.0,500.2,52.3,,2024-03-05 17:00:00,42.0,42.25,123.41666666666667,98.13333333333334,Buena,Mala,Muy Mala,Muy Mala,PM25
PIN,2024-03-05 18:00:00,18,5,3,0.034,,,,,,48.0,38.5,22.68,24.27,,7.09,33.1,0.0,,114.0,,2024-03-05 18:00:00,34.0,43.75,116.0,92.81666666666666,Buena,Mala,Muy Mala,Muy Mala,PM25
PIN,2024-03-05 19:00:00,19,5,3,0.012,,,,,,63.0,47.4,21.12,21.28,,0.04,38.9,0.0,,127.1,,2024-03-05 19:00:00,12.0,41.25,105.5,85.39999999999999,Buena,Mala,Muy Mala,Muy Mala,PM25
PIN,2024-03-05 20:00:00,20,5,3,0.008,,,,,,96.0,65.5,20.93,19.77,,2.16,43.6,0.0,,0.5,,2024-03-05 20:00:00,8.0,36.75,93.33333333333333,76.48333333333333,Buena,Mala,Mala,Mala,"PM10, PM25"
PIN,2024-03-05 21:00:00,21,5,3,0.008,,,,,,110.0,82.1,20.97,18.4,,8.64,45.7,0.0,,,,2024-03-05 21:00:00,8.0,30.75,80.41666666666667,67.19999999999999,Buena,Mala,Mala,Mala,"PM10, PM25"
PIN,2024-03-05 22:00:00,22,5,3,0.008,,,,,,75.0,56.2,21.08,17.48,,0.04,46.5,0.0,,0.8,,2024-03-05 22:00:00,8.0,24.75,71.58333333333333,58.449999999999996,Buena,Aceptable,Mala,Mala,PM25
PIN,2024-03-05 23:00:00,23,5,3,0.02,,,,,,62.0,34.9,21.11,16.23,,0.04,49.4,0.0,,,,2024-03-05 23:00:00,20.0,21.875,68.66666666666667,53.25,Buena,Aceptable,Mala,Mala,PM25
PIN,2024-03-06 00:00:00,0,6,3,0.025,,,,,,39.0,35.5,21.3,14.82,,6.88,51.7,0.0,,,,2024-03-06 00:00:00,25.0,19.625,66.25,50.65,Buena,Aceptable,Mala,Mala,PM25
PIN,2024-03-06 01:00:00,1,6,3,0.017,,,,,,41.0,30.0,21.12,13.97,,4.2,53.4,0.0,,0.5,,2024-03-06 01:00:00,17.0,16.5,64.66666666666667,48.79999999999999,Buena,Aceptable,Mala,Mala,PM25
PIN,2024-03-06 02:00:00,2,6,3,0.015,,,,,,40.0,24.5,21.24,12.77,,1.09,54.7,0.0,,,,2024-03-06 02:00:00,15.0,14.125,62.416666666666664,46.449999999999996,Buena,Aceptable,Mala,Mala,PM25
PIN,2024-03-06 03:00:00,3,6,3,0.014,,,,,,41.0,29.9,21.61,11.08,,,57.8,0.0,,,,2024-03-06 03:00:00,14.0,14.375,60.666666666666664,45.14166666666667,Buena,Aceptable,Mala,Mala,PM25
PIN,2024-03-06 04:00:00,4,6,3,0.007,,,,,,39.0,26.5,22.02,9.74,,,60.7,0.0,,,,2024-03-06 04:00:00,7.0,14.25,58.916666666666664,43.19166666666666,Buena,Aceptable,Aceptable,Aceptable,"PM10, PM25"
PIN,2024-03-06 05:00:00,5,6,3,0.006,,,,,,51.0,37.5,22.17,8.83,,,63.0,0.0,,17.8,,2024-03-06 05:00:00,6.0,14.0,58.75,42.375,Buena,Aceptable,Aceptable,Aceptable,"PM10, PM25"
PIN,2024-03-06 06:00:00,6,6,3,0.005,,,,,,78.0,66.1,22.33,7.94,,,63.9,0.0,,23.3,,2024-03-06 06:00:00,5.0,13.625,61.25,44.675000000000004,Buena,Aceptable,Aceptable,Aceptable,"PM10, PM25"
PIN,2024-03-06 07:00:00,7,6,3,0.006,,,,,,140.0,108.3,22.05,7.48,,,64.6,0.0,,17.1,,2024-03-06 07:00:00,6.0,11.875,67.66666666666667,49.75,Buena,Aceptable,Mala,Mala,PM25
PIN,2024-03-06 08:00:00,8,6,3,0.009,,,,,,208.0,156.8,21.29,11.88,,,56.5,0.0,,21.4,,2024-03-06 08:00:00,9.0,9.875,77.0,57.35833333333333,Buena,Mala,Mala,Mala,"PM10, PM25"
PIN,2024-03-06 09:00:00,9,6,3,0.019,,,,,,199.0,168.9,20.9,17.02,,,47.4,0.0,536.44,37.1,,2024-03-06 09:00:00,19.0,10.125,84.41666666666667,64.59166666666667,Buena,Mala,Mala,Mala,"PM10, PM25"
PIN,2024-03-06 10:00:00,10,6,3,0.04,,,,,,155.0,150.1,21.1,21.17,,,38.5,0.0,600.22,34.3,,2024-03-06 10:00:00,40.0,13.25,91.08333333333333,72.41666666666667,Buena,Mala,Mala,Mala,"PM10, PM25"
PIN,2024-03-06 11:00:00,11,6,3,0.048,,,,,,102.0,,21.95,23.72,,2.86,31.9,0.0,645.92,71.7,,2024-03-06 11:00:00,48.0,17.5,94.41666666666667,75.82727272727273,Buena,Mala,Mala,Mala,"PM10, PM25"
PIN,2024-03-06 12:00:00,12,6,3,0.047,,,,,,47.0,,22.91,25.32,,6.75,30.3,0.0,672.82,103.3,,2024-03-06 12:00:00,47.0,22.5,95.08333333333333,79.86,Buena,Mala,Muy Mala,Muy Mala,PM25
PIN,2024-03-06 13:00:00,13,6,3,0.052,,,,,,42.0,39.6,23.76,26.64,,3.24,27.3,0.0,678.59,118.2,,2024-03-06 13:00:00,52.0,28.25,95.16666666666667,80.82000000000001,Buena,Mala,Muy Mala,Muy Mala,PM25
PIN,2024-03-06 14:00:00,14,6,3,0.054,,,,,,54.0,47.6,24.48,27.42,,2.41,25.6,0.0,661.53,161.3,,2024-03-06 14:00:00,54.0,34.375,96.33333333333333,83.13000000000001,Buena,Mala,Muy Mala,Muy Mala,PM25
PIN,2024-03-06 15:00:00,15,6,3,0.051,,,,,,51.0,40.9,24.8,27.92,,8.4,24.6,0.0,623.11,163.4,,2024-03-06 15:00:00,51.0,40.0,97.16666666666667,84.23,Buena,Mala,Muy Mala,Muy Mala,PM25
PIN,2024-03-06 16:00:00,16,6,3,0.05,,,,,,56.0,46.9,25.01,27.85,,13.29,25.3,0.0,564.81,139.4,,2024-03-06 16:00:00,50.0,45.125,98.58333333333333,86.27,Buena,Mala,Muy Mala,Muy Mala,PM25
PIN,2024-03-06 17:00:00,17,6,3,0.046,,,,,,56.0,44.1,24.71,27.39,,8.93,26.2,0.0,,106.6,,2024-03-06 17:00:00,46.0,48.5,99.0,86.93,Buena,Mala,Muy Mala,Muy Mala,PM25
PIN,2024-03-06 18:00:00,18,6,3,0.04,,,,,,59.0,50.5,23.7,25.7,,6.72,30.6,0.0,,98.5,,2024-03-06 18:00:00,40.0,48.5,97.41666666666667,85.37,Buena,Mala,Muy Mala,Muy Mala,PM25
PIN,2024-03-06 19:00:00,19,6,3,0.025,,,,,,69.0,53.4,21.56,22.02,,4.68,37.3,0.0,,165.7,,2024-03-06 19:00:00,25.0,45.625,91.5,79.88,Buena,Mala,Muy Mala,Muy Mala,PM25
PIN,2024-03-06 20:00:00,20,6,3,0.016,,,,,,70.0,47.3,21.0,19.99,,5.24,41.1,0.0,,,,2024-03-06 20:00:00,16.0,41.75,80.0,68.92999999999999,Buena,Mala,Mala,Mala,"PM10, PM25"
PIN,2024-03-06 21:00:00,21,6,3,0.021,,,,,,72.0,43.4,21.02,18.36,,8.56,44.8,0.0,,,,2024-03-06 21:00:00,21.0,37.875,69.41666666666667,56.38000000000001,Buena,Aceptable,Mala,Mala,PM25
PIN,2024-03-06 22:00:00,22,6,3,0.019,,,,,,52.0,24.9,21.04,17.1,,2.73,46.7,0.0,,,,2024-03-06 22:00:00,19.0,33.5,60.833333333333336,43.86,Buena,Aceptable,Aceptable,Aceptable,"PM10, PM25"
PIN,2024-03-06 23:00:00,23,6,3,0.018,,,,,,60.0,29.2,21.29,15.47,,0.04,50.4,0.0,,,,2024-03-06 23:00:00,18.0,29.375,57.333333333333336,42.52727272727273,Buena,Aceptable,Aceptable,Aceptable,"PM10, PM25"
PIN,2024-03-07 00:00:00,0,7,3,0.021,,,,,,66.0,38.9,21.21,14.3,,0.04,52.9,0.0,,,,2024-03-07 00:00:00,21.0,25.75,58.916666666666664,42.225,Buena,Aceptable,Aceptable,Aceptable,"PM10, PM25"
PIN,2024-03-07 01:00:00,1,7,3,0.009,,,,,,55.0,34.2,21.29,13.21,,3.04,54.1,0.0,,,,2024-03-07 01:00:00,9.0,21.125,60.0,41.775,Buena,Aceptable,Aceptable,Aceptable,"PM10, PM25"
PIN,2024-03-07 02:00:00,2,7,3,0.011,,,,,,51.0,29.4,21.33,12.45,,,54.9,0.0,,,,2024-03-07 02:00:00,11.0,17.5,59.75,40.25833333333333,Buena,Aceptable,Aceptable,Aceptable,"PM10, PM25"
PIN,2024-03-07 03:00:00,3,7,3,0.006,,,,,,82.0,47.1,21.29,11.86,,,56.7,0.0,,,,2024-03-07 03:00:00,6.0,15.125,62.333333333333336,40.775,Buena,Aceptable,Aceptable,Aceptable,"PM10, PM25"
PIN,2024-03-07 04:00:00,4,7,3,0.008,,,,,,73.0,49.8,22.12,10.4,,,59.5,0.0,,,,2024-03-07 04:00:00,8.0,14.125,63.75,41.016666666666666,Buena,Aceptable,Aceptable,Aceptable,"PM10, PM25"
PIN,2024-03-07 05:00:00,5,7,3,0.006,,,,,,74.0,50.7,22.14,9.56,,,61.0,0.0,,20.9,,2024-03-07 05:00:00,6.0,12.25,65.25,41.56666666666666,Buena,Aceptable,Aceptable,Aceptable,"PM10, PM25"
PIN,2024-03-07 06:00:00,6,7,3,0.007,,,,,,140.0,106.0,22.15,8.66,,,64.3,0.0,,2.9,,2024-03-07 06:00:00,7.0,10.75,72.0,46.19166666666666,Buena,Aceptable,Mala,Mala,PM25
PIN,2024-03-07 07:00:00,7,7,3,0.006,,,,,,166.0,123.3,22.03,8.85,,,63.8,0.0,,1.1,,2024-03-07 07:00:00,6.0,9.25,80.08333333333333,52.01666666666667,Buena,Mala,Mala,Mala,"PM10, PM25"
PIN,2024-03-07 08:00:00,8,7,3,0.008,,,,,,254.0,184.2,21.27,12.32,,,57.3,0.0,,7.8,,2024-03-07 08:00:00,8.0,7.625,95.41666666666667,63.425000000000004,Buena,Mala,Mala,Mala,"PM10, PM25"
PIN,2024-03-07 09:00:00,9,7,3,0.019,,,,,,226.0,204.0,20.95,17.67,,,46.2,0.0,540.25,33.5,,2024-03-07 09:00:00,19.0,8.875,108.25,76.80833333333332,Buena,Mala,Mala,Mala,"PM10, PM25"
PIN,2024-03-07 10:00:00,10,7,3,0.036,,,,,,122.0,,21.13,21.26,,,39.9,0.0,601.97,93.3,,2024-03-07 10:00:00,36.0,12.0,114.08333333333333,81.52727272727272,Buena,Mala,Muy Mala,Muy Mala,PM25
PIN,2024-03-07 11:00:00,11,7,3,0.039,,,,,,64.0,,21.79,23.23,,10.86,35.4,0.0,647.13,117.7,,2024-03-07 11:00:00,39.0,16.125,114.41666666666667,86.76,Buena,Mala,Muy Mala,Muy Mala,PM25
PIN,2024-03-07 12:00:00,12,7,3,0.044,,,,,,67.0,,22.1,23.94,,11.0,33.4,0.0,673.79,116.8,,2024-03-07 12:00:00,44.0,20.625,114.5,92.07777777777778,Buena,Mala,Muy Mala,Muy Mala,PM25
PIN,2024-03-07 13:00:00,13,7,3,0.045,,,,,,67.0,67.8,22.44,24.81,,,32.0,0.0,681.22,145.1,,2024-03-07 13:00:00,45.0,25.5,115.5,95.8111111111111,Buena,Mala,Muy Mala,Muy Mala,PM25
PIN,2024-03-07 14:00:00,14,7,3,0.049,,,,,,69.0,58.3,22.61,25.67,,10.85,30.0,0.0,664.49,149.2,,2024-03-07 14:00:00,49.0,30.75,117.0,99.02222222222223,Buena,Mala,Muy Mala,Muy Mala,PM25
PIN,2024-03-07 15:00:00,15,7,3,0.05,,,,,,61.0,48.1,23.08,26.63,,17.24,27.9,0.0,624.84,154.5,,2024-03-07 15:00:00,50.0,36.25,115.25,99.13333333333334,Buena,Mala,Muy Mala,Muy Mala,PM25
PIN,2024-03-07 16:00:00,16,7,3,0.047,,,,,,50.0,45.6,23.65,27.11,,10.59,27.4,0.0,572.78,162.0,,2024-03-07 16:00:00,47.0,41.125,113.33333333333333,98.66666666666667,Buena,Mala,Muy Mala,Muy Mala,PM25
PIN,2024-03-07 17:00:00,17,7,3,0.041,,,,,,43.0,33.8,23.76,26.73,,10.84,27.5,0.0,,145.4,,2024-03-07 17:00:00,41.0,43.875,110.75,96.78888888888889,Buena,Mala,Muy Mala,Muy Mala,PM25
PIN,2024-03-07 18:00:00,18,7,3,0.034,,,,,,56.0,42.5,23.25,25.88,,14.64,29.7,0.0,,112.3,,2024-03-07 18:00:00,34.0,43.625,103.75,89.73333333333333,Buena,Mala,Muy Mala,Muy Mala,PM25
PIN,2024-03-07 19:00:00,19,7,3,0.025,,,,,,70.0,57.8,21.49,22.03,,11.24,36.9,0.0,,127.7,,2024-03-07 19:00:00,25.0,41.875,95.75,82.45555555555555,Buena,Mala,Muy Mala,Muy Mala,PM25
PIN,2024-03-07 20:00:00,20,7,3,0.023,,,,,,71.0,56.3,21.0,19.6,,6.84,42.3,0.0,,,,2024-03-07 20:00:00,23.0,39.25,80.5,68.24444444444445,Buena,Mala,Mala,Mala,"PM10, PM25"
PIN,2024-03-07 21:00:00,21,7,3,0.025,,,,,,63.0,44.9,20.96,18.26,,8.64,44.8,0.0,,,,2024-03-07 21:00:00,25.0,36.75,66.91666666666667,50.56666666666666,Buena,Aceptable,Mala,Mala,PM25
PIN,2024-03-07 22:00:00,22,7,3,0.017,,,,,,52.0,36.0,21.12,16.83,,0.04,46.7,0.0,,,,2024-03-07 22:00:00,17.0,32.75,61.083333333333336,49.11,Buena,Aceptable,Mala,Mala,PM25
PIN,2024-03-07 23:00:00,23,7,3,0.016,,,,,,49.0,35.4,21.12,15.45,,0.04,51.0,0.0,,,,2024-03-07 23:00:00,16.0,28.5,59.833333333333336,47.86363636363637,Buena,Aceptable,Mala,Mala,PM25
PIN,2024-03-08 00:00:00,0,8,3,0.022,,,,,,54.0,41.7,21.39,14.45,,1.24,51.8,0.0,,,,2024-03-08 00:00:00,22.0,25.375,58.75,47.35,Buena,Aceptable,Mala,Mala,PM25
PIN,2024-03-08 01:00:00,1,8,3,0.015,,,,,,45.0,32.2,21.2,13.34,,,53.5,0.0,,,,2024-03-08 01:00:00,15.0,22.125,56.916666666666664,44.38333333333333,Buena,Aceptable,Aceptable,Aceptable,"PM10, PM25"
PIN,2024-03-08 02:00:00,2,8,3,0.006,,,,,,41.0,33.9,21.2,11.82,,,57.8,0.0,,,,2024-03-08 02:00:00,6.0,18.625,54.583333333333336,42.35,Buena,Aceptable,Aceptable,Aceptable,"PM10, PM25"
PIN,2024-03-08 03:00:00,3,8,3,0.007,,,,,,87.0,53.4,21.98,10.61,,,59.6,0.0,,,,2024-03-08 03:00:00,7.0,16.375,56.75,42.791666666666664,Buena,Aceptable,Aceptable,Aceptable,"PM10, PM25"
PIN,2024-03-08 04:00:00,4,8,3,0.006,,,,,,86.0,65.5,22.22,9.22,,,60.5,0.0,,,,2024-03-08 04:00:00,6.0,14.25,59.75,44.449999999999996,Buena,Aceptable,Aceptable,Aceptable,"PM10, PM25"
PIN,2024-03-08 05:00:00,5,8,3,0.006,,,,,,100.0,80.7,22.24,8.42,,,61.7,0.0,,83.4,,2024-03-08 05:00:00,6.0,11.875,64.5,48.35833333333334,Buena,Aceptable,Mala,Mala,PM25
PIN,2024-03-08 06:00:00,6,8,3,0.006,,,,,,123.0,96.4,22.32,7.3,,,64.0,0.0,,76.4,,2024-03-08 06:00:00,6.0,10.5,70.08333333333333,52.85,Buena,Aceptable,Mala,Mala,PM25
PIN,2024-03-08 07:00:00,7,8,3,0.006,,,,,,179.0,139.3,22.26,7.29,,,64.9,0.0,,80.0,,2024-03-08 07:00:00,6.0,9.25,79.16666666666667,59.64166666666667,Buena,Mala,Mala,Mala,"PM10, PM25"
PIN,2024-03-08 08:00:00,8,8,3,0.01,,,,,,262.0,198.9,21.13,12.05,,,55.7,0.0,,39.0,,2024-03-08 08:00:00,10.0,7.75,95.08333333333333,71.525,Buena,Mala,Mala,Mala,"PM10, PM25"
PIN,2024-03-08 09:00:00,9,8,3,0.017,,,,,,223.0,187.0,20.99,16.56,,,47.4,0.0,537.07,48.3,,2024-03-08 09:00:00,17.0,8.0,108.41666666666667,83.36666666666667,Buena,Mala,Muy Mala,Muy Mala,PM25
PIN,2024-03-08 10:00:00,10,8,3,0.025,,,,,,86.0,,21.05,19.96,,,40.3,0.0,588.7,67.9,,2024-03-08 10:00:00,25.0,10.375,111.25,87.67272727272729,Buena,Mala,Muy Mala,Muy Mala,PM25
PIN,2024-03-08 11:00:00,11,8,3,0.035,,,,,,46.0,,21.53,22.61,,6.38,35.2,0.0,637.48,88.0,,2024-03-08 11:00:00,35.0,13.875,111.0,92.9,Buena,Mala,Muy Mala,Muy Mala,PM25
PIN,2024-03-08 12:00:00,12,8,3,0.043,,,,,,31.0,,22.68,24.83,,6.24,29.9,0.0,671.94,91.3,,2024-03-08 12:00:00,43.0,18.5,109.08333333333333,98.5888888888889,Buena,Mala,Muy Mala,Muy Mala,PM25
PIN,2024-03-08 13:00:00,13,8,3,0.046,,,,,,62.0,,23.59,26.27,,14.45,29.3,0.0,675.77,102.9,,2024-03-08 13:00:00,46.0,23.5,110.5,,Buena,Mala,,Mala,PM10
PIN,2024-03-08 14:00:00,14,8,3,0.043,,,,,,81.0,81.5,23.77,26.89,,13.24,27.5,0.0,652.36,80.8,,2024-03-08 14:00:00,43.0,28.125,113.83333333333333,,Buena,Mala,,Mala,PM10
PIN,2024-03-08 15:00:00,15,8,3,0.04,,,,,,83.0,60.4,24.06,26.96,,6.64,27.4,0.0,602.59,87.8,,2024-03-08 15:00:00,40.0,32.375,113.5,,Buena,Mala,,Mala,PM10
PIN,2024-03-08 16:00:00,16,8,3,0.043,,,,,,79.0,55.2,24.11,27.34,,8.28,26.6,0.0,567.48,110.2,,2024-03-08 16:00:00,43.0,36.5,112.91666666666667,,Buena,Mala,,Mala,PM10
PIN,2024-03-08 17:00:00,17,8,3,0.041,,,,,,60.0,43.8,24.09,27.14,,11.44,26.8,0.0,,125.5,,2024-03-08 17:00:00,41.0,39.5,109.58333333333333,,Buena,Mala,,Mala,PM10
PIN,2024-03-08 18:00:00,18,8,3,0.026,,,,,,57.0,48.2,23.15,24.75,,6.88,32.1,0.0,,53.5,,2024-03-08 18:00:00,26.0,39.625,104.08333333333333,,Buena,Mala,,Mala,PM10
PIN,2024-03-08 19:00:00,19,8,3,0.02,,,,,,71.0,54.1,21.3,21.31,,6.63,38.1,0.0,,70.8,,2024-03-08 19:00:00,20.0,37.75,95.08333333333333,,Buena,Mala,,Mala,PM10
PIN,2024-03-08 20:00:00,20,8,3,0.016,,,,,,65.0,46.1,21.02,19.57,,0.04,41.1,0.0,,,,2024-03-08 20:00:00,16.0,34.375,78.66666666666667,,Buena,Mala,,Mala,PM10
PIN,2024-03-08 21:00:00,21,8,3,0.01,,,,,,56.0,40.9,21.0,17.88,,3.02,45.1,0.0,,,,2024-03-08 21:00:00,10.0,29.875,64.75,,Buena,Aceptable,,Aceptable,PM10
PIN,2024-03-08 22:00:00,22,8,3,0.008,,,,,,77.0,44.4,21.17,16.94,,,47.3,0.0,,,,2024-03-08 22:00:00,8.0,25.5,64.0,52.73333333333333,Buena,Aceptable,Mala,Mala,PM25
PIN,2024-03-08 23:00:00,23,8,3,0.005,,,,,,78.0,54.8,21.21,15.42,,,49.1,0.0,,,,2024-03-08 23:00:00,5.0,21.125,66.66666666666667,52.94,Buena,Aceptable,Mala,Mala,PM25
PIN,2024-03-09 00:00:00,0,9,3,0.006,,,,,,93.0,59.6,21.3,13.87,,,52.7,0.0,,,,2024-03-09 00:00:00,6.0,16.5,71.83333333333333,53.54545454545455,Buena,Aceptable,Mala,Mala,PM25
PIN,2024-03-09 01:00:00,1,9,3,0.006,,,,,,118.0,74.4,21.16,14.37,,,53.9,0.0,,,,2024-03-09 01:00:00,6.0,12.125,76.5,55.28333333333333,Buena,Mala,Mala,Mala,"PM10, PM25"
PIN,2024-03-09 02:00:00,2,9,3,0.006,,,,,,98.0,65.2,21.26,13.3,,,54.5,0.0,,,,2024-03-09 02:00:00,6.0,9.625,77.91666666666667,53.925000000000004,Buena,Mala,Mala,Mala,"PM10, PM25"
PIN,2024-03-09 03:00:00,3,9,3,0.006,,,,,,90.0,61.8,21.21,12.65,,,56.1,0.0,,,,2024-03-09 03:00:00,6.0,7.875,78.5,54.041666666666664,Buena,Mala,Mala,Mala,"PM10, PM25"
PIN,2024-03-09 04:00:00,4,9,3,0.005,,,,,,89.0,61.0,21.71,11.22,,,57.1,0.0,,,,2024-03-09 04:00:00,5.0,6.5,79.33333333333333,54.525,Buena,Mala,Mala,Mala,"PM10, PM25"
PIN,2024-03-09 05:00:00,5,9,3,0.004,,,,,,88.0,67.6,22.23,9.73,,,60.4,0.0,,47.8,,2024-03-09 05:00:00,4.0,5.75,81.66666666666667,56.50833333333333,Buena,Mala,Mala,Mala,"PM10, PM25"
PIN,2024-03-09 06:00:00,6,9,3,0.007,,,,,,99.0,80.5,22.22,8.71,,,62.6,0.0,,18.1,,2024-03-09 06:00:00,7.0,5.625,85.16666666666667,59.199999999999996,Buena,Mala,Mala,Mala,"PM10, PM25"
PIN,2024-03-09 07:00:00,7,9,3,0.007,,,,,,182.0,135.5,21.93,8.64,,,63.3,0.0,,15.5,,2024-03-09 07:00:00,7.0,5.875,94.41666666666667,65.98333333333333,Buena,Mala,Mala,Mala,"PM10, PM25"
PIN,2024-03-09 08:00:00,8,9,3,0.008,,,,,,210.0,153.0,20.94,13.35,,,55.1,0.0,,8.9,,2024-03-09 08:00:00,8.0,6.125,106.5,74.89166666666667,Buena,Mala,Mala,Mala,"PM10, PM25"
PIN,2024-03-09 09:00:00,9,9,3,0.023,,,,,,285.0,226.6,20.98,17.89,,,43.6,0.0,532.64,27.0,,2024-03-09 09:00:00,23.0,8.25,125.58333333333333,90.36666666666667,Buena,Mala,Muy Mala,Muy Mala,PM25
PIN,2024-03-09 10:00:00,10,9,3,0.031,,,,,,206.0,173.3,21.33,21.17,,,40.1,0.0,594.41,67.0,,2024-03-09 10:00:00,31.0,11.375,136.33333333333334,101.10833333333333,Buena,Mala,Muy Mala,Muy Mala,PM25
PIN,2024-03-09 11:00:00,11,9,3,0.048,,,,,,123.0,94.9,22.39,24.27,,4.84,30.9,0.0,639.79,91.4,,2024-03-09 11:00:00,48.0,16.625,140.08333333333334,104.45,Buena,Mala,Muy Mala,Muy Mala,PM25
PIN,2024-03-09 12:00:00,12,9,3,0.054,,,,,,83.0,75.9,23.68,26.72,,0.04,28.0,0.0,661.33,98.5,,2024-03-09 12:00:00,54.0,22.75,139.25,105.80833333333334,Buena,Mala,Muy Mala,Muy Mala,PM25
PIN,2024-03-09 13:00:00,13,9,3,0.052,,,,,,60.0,58.2,25.0,28.28,,15.09,24.1,0.0,670.93,107.9,,2024-03-09 13:00:00,52.0,28.75,134.41666666666666,104.45833333333333,Buena,Mala,Muy Mala,Muy Mala,PM25
PIN,2024-03-09 14:00:00,14,9,3,0.046,,,,,,76.0,65.7,25.35,28.71,,10.84,23.8,0.0,653.06,127.1,,2024-03-09 14:00:00,46.0,33.625,132.58333333333334,104.5,Buena,Mala,Muy Mala,Muy Mala,PM25
PIN,2024-03-09 15:00:00,15,9,3,0.04,,,,,,82.0,74.6,25.55,29.49,,13.16,23.0,0.0,607.41,142.9,,2024-03-09 15:00:00,40.0,37.75,131.91666666666666,105.56666666666666,Buena,Mala,Muy Mala,Muy Mala,PM25
PIN,2024-03-09 16:00:00,16,9,3,0.04,,,,,,114.0,99.7,25.68,28.81,,12.5,23.0,0.0,569.15,101.7,,2024-03-09 16:00:00,40.0,41.75,134.0,108.79166666666667,Buena,Mala,Muy Mala,Muy Mala,PM25
PIN,2024-03-09 17:00:00,17,9,3,0.042,,,,,,85.0,73.6,25.22,28.42,,8.41,24.0,0.0,501.74,66.2,,2024-03-09 17:00:00,42.0,44.125,133.75,109.29166666666667,Buena,Mala,Muy Mala,Muy Mala,PM25
PIN,2024-03-09 18:00:00,18,9,3,0.037,,,,,,61.0,,24.57,27.13,,9.32,26.4,0.0,,59.5,,2024-03-09 18:00:00,37.0,44.875,130.58333333333334,111.9090909090909,Buena,Mala,Muy Mala,Muy Mala,PM25
PIN,2024-03-09 19:00:00,19,9,3,0.031,,,,,,61.0,,22.55,23.89,,7.22,33.2,0.0,,57.4,,2024-03-09 19:00:00,31.0,42.75,120.5,109.55,Buena,Mala,Muy Mala,Muy Mala,PM25
PIN,2024-03-09 20:00:00,20,9,3,0.032,,,,,,58.0,52.7,21.16,21.06,,0.04,38.3,0.0,,,,2024-03-09 20:00:00,32.0,40.0,107.83333333333333,99.52000000000001,Buena,Mala,Muy Mala,Muy Mala,PM25
PIN,2024-03-09 21:00:00,21,9,3,0.016,,,,,,49.0,40.2,21.03,19.17,,0.04,41.8,0.0,,,,2024-03-09 21:00:00,16.0,35.5,88.16666666666667,80.88000000000001,Buena,Mala,Muy Mala,Muy Mala,PM25
PIN,2024-03-09 22:00:00,22,9,3,0.019,,,,,,56.0,36.4,21.1,18.25,,2.52,45.7,0.0,,,,2024-03-09 22:00:00,19.0,32.125,75.66666666666667,67.19,Buena,Mala,Mala,Mala,"PM10, PM25"
PIN,2024-03-09 23:00:00,23,9,3,0.02,,,,,,49.0,27.6,20.98,17.15,,0.04,47.3,0.0,,,,2024-03-09 23:00:00,20.0,29.625,69.5,60.46,Buena,Aceptable,Mala,Mala,PM25
PIN,2024-03-10 00:00:00,0,10,3,0.008,,,,,,83.0,76.7,21.31,15.04,,2.92,51.4,0.0,,,,2024-03-10 00:00:00,8.0,25.625,69.5,60.540000000000006,Buena,Aceptable,Mala,Mala,PM25
PIN,2024-03-10 01:00:00,1,10,3,0.012,,,,,,175.0,138.8,21.3,14.67,,,52.4,0.0,,,,2024-03-10 01:00:00,12.0,21.875,79.08333333333333,68.6,Buena,Mala,Mala,Mala,"PM10, PM25"
PIN,2024-03-10 02:00:00,2,10,3,0.015,,,,,,83.0,62.4,21.28,14.23,,,54.0,0.0,,,,2024-03-10 02:00:00,15.0,19.125,79.66666666666667,68.27,Buena,Mala,Mala,Mala,"PM10, PM25"
PIN,2024-03-10 03:00:00,3,10,3,0.009,,,,,,62.0,38.4,21.22,13.1,,,52.9,0.0,,,,2024-03-10 03:00:00,9.0,16.375,78.0,64.65,Buena,Mala,Mala,Mala,"PM10, PM25"
PIN,2024-03-10 04:00:00,4,10,3,0.007,,,,,,91.0,65.3,21.16,10.96,,,60.4,0.0,,,,2024-03-10 04:00:00,7.0,13.25,76.08333333333333,61.21,Buena,Mala,Mala,Mala,"PM10, PM25"
PIN,2024-03-10 05:00:00,5,10,3,0.005,,,,,,114.0,83.5,21.72,10.04,,,62.4,0.0,,4.6,,2024-03-10 05:00:00,5.0,11.875,78.5,62.2,Buena,Mala,Mala,Mala,"PM10, PM25"
PIN,2024-03-10 06:00:00,6,10,3,0.006,,,,,,113.0,92.7,21.88,9.43,,,63.1,0.0,,0.2,,2024-03-10 06:00:00,6.0,10.25,82.83333333333333,64.97272727272728,Buena,Mala,Mala,Mala,"PM10, PM25"
PIN,2024-03-10 07:00:00,7,10,3,0.007,,,,,,158.0,120.5,21.7,9.78,,,61.5,0.0,,5.3,,2024-03-10 07:00:00,7.0,8.625,90.91666666666667,69.60000000000001,Buena,Mala,Mala,Mala,"PM10, PM25"
PIN,2024-03-10 08:00:00,8,10,3,0.01,,,,,,188.0,143.0,21.03,13.96,,,54.1,0.0,,10.3,,2024-03-10 08:00:00,10.0,8.875,101.75,77.125,Buena,Mala,Mala,Mala,"PM10, PM25"
PIN,2024-03-10 09:00:00,9,10,3,0.027,,,,,,108.0,108.7,21.0,18.24,,4.65,41.0,0.0,537.71,29.8,,2024-03-10 09:00:00,27.0,10.75,106.66666666666667,82.83333333333333,Buena,Mala,Muy Mala,Muy Mala,PM25
PIN,2024-03-10 10:00:00,10,10,3,0.05,,,,,,68.0,,21.42,21.74,,2.76,38.9,0.0,597.21,185.3,,2024-03-10 10:00:00,50.0,15.125,107.66666666666667,87.05454545454546,Buena,Mala,Muy Mala,Muy Mala,PM25
PIN,2024-03-10 11:00:00,11,10,3,0.053,,,,,,41.0,,22.5,24.7,,0.04,31.5,0.0,642.86,225.4,,2024-03-10 11:00:00,53.0,20.625,107.0,93.0,Buena,Mala,Muy Mala,Muy Mala,PM25
PIN,2024-03-10 12:00:00,12,10,3,0.066,,,,,,30.0,,24.1,26.74,,7.09,26.8,0.0,672.14,234.4,,2024-03-10 12:00:00,66.0,28.0,102.58333333333333,94.8111111111111,Buena,Mala,Muy Mala,Muy Mala,PM25
PIN,2024-03-10 13:00:00,13,10,3,0.055,,,,,,42.0,,25.18,28.25,,11.1,24.2,0.0,670.76,238.1,,2024-03-10 13:00:00,55.0,34.25,91.5,,Buena,Mala,,Mala,PM10
PIN,2024-03-10 14:00:00,14,10,3,0.048,,,,,,40.0,,25.35,28.88,,9.14,22.9,0.0,653.07,237.8,,2024-03-10 14:00:00,48.0,39.5,87.91666666666667,,Buena,Mala,,Mala,PM10
PIN,2024-03-10 15:00:00,15,10,3,0.048,,,,,,31.0,,25.3,29.33,,9.0,22.4,0.0,613.89,229.5,,2024-03-10 15:00:00,48.0,44.625,85.33333333333333,,Buena,Mala,,Mala,PM10
PIN,2024-03-10 16:00:00,16,10,3,0.044,,,,,,29.0,,25.47,29.32,,6.74,22.1,0.0,557.82,141.5,,2024-03-10 16:00:00,44.0,48.875,80.16666666666667,,Buena,Mala,,Mala,PM10
PIN,2024-03-10 17:00:00,17,10,3,0.041,,,,,,32.0,31.8,25.58,28.65,,6.48,23.8,0.0,,171.0,,2024-03-10 17:00:00,41.0,50.625,73.33333333333333,,Buena,Aceptable,,Aceptable,PM10
PIN,2024-03-10 18:00:00,18,10,3,0.044,,,,,,38.0,,24.72,26.63,,16.99,28.1,0.0,,111.6,,2024-03-10 18:00:00,44.0,49.875,67.08333333333333,,Buena,Aceptable,,Aceptable,PM10
PIN,2024-03-10 19:00:00,19,10,3,0.04,,,,,,55.0,40.1,22.51,23.65,,6.73,33.1,0.0,,120.1,,2024-03-10 19:00:00,40.0,48.25,58.5,,Buena,Aceptable,,Aceptable,PM10
PIN,2024-03-10 20:00:00,20,10,3,0.024,,,,,,56.0,46.4,21.16,21.83,,0.04,36.7,0.0,,,,2024-03-10 20:00:00,24.0,43.0,47.5,,Buena,Buena,,Buena,"O3, PM10"
PIN,2024-03-10 21:00:00,21,10,3,0.011,,,,,,89.0,62.9,21.03,19.72,,0.04,42.7,0.0,,,,2024-03-10 21:00:00,11.0,37.5,45.916666666666664,,Buena,Buena,,Buena,"O3, PM10"
PIN,2024-03-10 22:00:00,22,10,3,0.009,,,,,,119.0,95.5,21.09,17.67,,0.04,43.9,0.0,,,,2024-03-10 22:00:00,9.0,32.625,50.166666666666664,,Buena,Aceptable,,Aceptable,PM10
PIN,2024-03-10 23:00:00,23,10,3,0.015,,,,,,120.0,93.8,21.12,16.59,,0.04,47.4,0.0,,,,2024-03-10 23:00:00,15.0,28.5,56.75,,Buena,Aceptable,,Aceptable,PM10
PIN,2024-03-11 00:00:00,0,11,3,0.019,,,,,,85.0,72.8,21.28,15.7,,5.2,50.7,0.0,,,,2024-03-11 00:00:00,19.0,25.375,61.333333333333336,,Buena,Aceptable,,Aceptable,PM10
PIN,2024-03-11 01:00:00,1,11,3,0.02,,,,,,61.0,50.0,21.25,15.41,,,49.5,0.0,,,,2024-03-11 01:00:00,20.0,22.75,62.916666666666664,,Buena,Aceptable,,Aceptable,PM10
PIN,2024-03-11 02:00:00,2,11,3,0.016,,,,,,59.0,48.0,21.36,14.34,,,51.7,0.0,,,,2024-03-11 02:00:00,16.0,19.25,64.5,60.14444444444444,Buena,Aceptable,Mala,Mala,PM25
PIN,2024-03-11 03:00:00,3,11,3,0.015,,,,,,56.0,41.1,21.22,14.04,,,53.7,0.0,,0.4,,2024-03-11 03:00:00,15.0,16.125,66.58333333333333,58.239999999999995,Buena,Aceptable,Mala,Mala,PM25
PIN,2024-03-11 04:00:00,4,11,3,0.006,,,,,,80.0,54.1,21.34,11.64,,,58.8,0.0,,,,2024-03-11 04:00:00,6.0,13.875,70.83333333333333,57.86363636363637,Buena,Aceptable,Mala,Mala,PM25
PIN,2024-03-11 05:00:00,5,11,3,0.008,,,,,,145.0,107.5,21.44,10.51,,,60.7,0.0,,0.0,,2024-03-11 05:00:00,8.0,13.5,80.25,64.74545454545455,Buena,Mala,Mala,Mala,"PM10, PM25"
PIN,2024-03-11 06:00:00,6,11,3,0.006,,,,,,229.0,164.0,21.68,10.32,,,62.6,0.0,,0.9,,2024-03-11 06:00:00,6.0,13.125,96.16666666666667,73.01666666666667,Buena,Mala,Mala,Mala,"PM10, PM25"
PIN,2024-03-11 07:00:00,7,11,3,0.01,,,,,,292.0,201.8,21.46,10.18,,,61.5,0.0,,5.7,,2024-03-11 07:00:00,10.0,12.5,115.91666666666667,86.49166666666667,Buena,Mala,Muy Mala,Muy Mala,PM25
PIN,2024-03-11 08:00:00,8,11,3,0.008,,,,,,371.0,269.6,20.94,14.46,,,52.9,0.0,,17.7,,2024-03-11 08:00:00,8.0,11.125,142.16666666666666,105.09166666666668,Buena,Mala,Muy Mala,Muy Mala,PM25
PIN,2024-03-11 09:00:00,9,11,3,0.016,,,,,,308.0,229.5,21.04,18.79,,,44.3,0.0,535.83,79.6,,2024-03-11 09:00:00,16.0,10.625,160.41666666666666,118.97500000000001,Buena,Muy Mala,Muy Mala,Muy Mala,"PM10, PM25"
PIN,2024-03-11 10:00:00,10,11,3,0.046,,,,,,158.0,135.8,21.51,22.03,,,36.8,0.0,599.45,214.0,,2024-03-11 10:00:00,46.0,14.375,163.66666666666666,122.33333333333333,Buena,Muy Mala,Muy Mala,Muy Mala,"PM10, PM25"
PIN,2024-03-11 11:00:00,11,11,3,0.047,,,,,,92.0,78.5,22.64,24.39,,,33.6,0.0,643.04,240.7,,2024-03-11 11:00:00,47.0,18.375,161.33333333333334,121.05833333333334,Buena,Muy Mala,Muy Mala,Muy Mala,"PM10, PM25"
PIN,2024-03-11 12:00:00,12,11,3,0.056,,,,,,82.0,63.6,23.99,26.23,,,27.9,0.0,667.04,214.0,,2024-03-11 12:00:00,56.0,24.625,161.08333333333334,120.29166666666667,Buena,Muy Mala,Muy Mala,Muy Mala,"PM10, PM25"
PIN,2024-03-11 13:00:00,13,11,3,0.058,,,,,,58.0,,25.12,28.33,,,24.9,0.0,671.8,173.5,,2024-03-11 13:00:00,58.0,30.875,160.83333333333334,126.68181818181819,Buena,Muy Mala,Muy Mala,Muy Mala,"PM10, PM25"
PIN,2024-03-11 14:00:00,14,11,3,0.058,,,,,,46.0,,25.14,29.23,,9.42,22.2,0.0,657.18,176.7,,2024-03-11 14:00:00,58.0,37.375,159.75,134.55,Buena,Muy Mala,Muy Mala,Muy Mala,"PM10, PM25"
PIN,2024-03-11 15:00:00,15,11,3,0.05,,,,,,51.0,48.0,25.1,29.79,,10.8,21.9,0.0,619.77,131.3,,2024-03-11 15:00:00,50.0,42.375,159.33333333333334,135.23999999999998,Buena,Muy Mala,Muy Mala,Muy Mala,"PM10, PM25"
PIN,2024-03-11 16:00:00,16,11,3,0.039,,,,,,41.0,40.1,25.29,29.94,,0.04,21.7,0.0,563.74,201.6,,2024-03-11 16:00:00,39.0,46.25,156.08333333333334,133.84,Buena,Muy Mala,Muy Mala,Muy Mala,"PM10, PM25"
PIN,2024-03-11 17:00:00,17,11,3,0.038,,,,,,44.0,37.7,25.51,29.12,,7.36,23.2,0.0,,110.5,,2024-03-11 17:00:00,38.0,49.0,147.66666666666666,126.86000000000001,Buena,Mala,Muy Mala,Muy Mala,PM25
PIN,2024-03-11 18:00:00,18,11,3,0.031,,,,,,52.0,45.2,25.33,28.06,,12.76,24.4,0.0,,65.5,,2024-03-11 18:00:00,31.0,47.125,132.91666666666666,114.97999999999999,Buena,Mala,Muy Mala,Muy Mala,PM25
PIN,2024-03-11 19:00:00,19,11,3,0.023,,,,,,97.0,76.1,23.52,24.95,,10.71,31.8,0.0,,95.1,,2024-03-11 19:00:00,23.0,44.125,116.66666666666667,102.41000000000001,Buena,Mala,Muy Mala,Muy Mala,PM25
PIN,2024-03-11 20:00:00,20,11,3,0.024,,,,,,98.0,66.9,21.53,22.3,,5.3,37.4,0.0,,,,2024-03-11 20:00:00,24.0,40.125,93.91666666666667,82.14,Buena,Mala,Muy Mala,Muy Mala,PM25
PIN,2024-03-11 21:00:00,21,11,3,0.022,,,,,,82.0,57.1,21.09,20.54,,6.84,40.6,0.0,,,,2024-03-11 21:00:00,22.0,35.625,75.08333333333333,64.9,Buena,Mala,Mala,Mala,"PM10, PM25"
PIN,2024-03-11 22:00:00,22,11,3,0.026,,,,,,89.0,54.0,21.05,18.98,,0.04,43.4,0.0,,,,2024-03-11 22:00:00,26.0,31.625,69.33333333333333,56.720000000000006,Buena,Aceptable,Mala,Mala,PM25
PIN,2024-03-11 23:00:00,23,11,3,0.027,,,,,,66.0,39.1,21.07,17.57,,7.35,46.2,0.0,,,,2024-03-11 23:00:00,27.0,28.75,67.16666666666667,52.779999999999994,Buena,Aceptable,Mala,Mala,PM25
PIN,2024-03-12 00:00:00,0,12,3,0.028,,,,,,55.0,23.0,21.15,16.55,,0.04,47.0,0.0,,,,2024-03-12 00:00:00,28.0,27.375,64.91666666666667,48.72,Buena,Aceptable,Mala,Mala,PM25
PIN,2024-03-12 01:00:00,1,12,3,0.025,,,,,,38.0,24.6,21.24,15.88,,0.04,49.6,0.0,,,,2024-03-12 01:00:00,25.0,25.75,63.25,46.52727272727273,Buena,Aceptable,Mala,Mala,PM25
PIN,2024-03-12 02:00:00,2,12,3,0.019,,,,,,35.0,20.2,21.31,15.33,,3.18,51.6,0.0,,,,2024-03-12 02:00:00,19.0,24.25,62.333333333333336,44.333333333333336,Buena,Aceptable,Aceptable,Aceptable,"PM10, PM25"
PIN,2024-03-12 03:00:00,3,12,3,0.021,,,,,,43.0,26.0,21.32,14.82,,0.04,51.5,0.0,,,,2024-03-12 03:00:00,21.0,24.0,61.666666666666664,42.5,Buena,Aceptable,Aceptable,Aceptable,"PM10, PM25"
PIN,2024-03-12 04:00:00,4,12,3,0.013,,,,,,41.0,23.0,21.21,14.01,,0.85,53.2,0.0,,,,2024-03-12 04:00:00,13.0,22.625,61.666666666666664,41.075,Buena,Aceptable,Aceptable,Aceptable,"PM10, PM25"
PIN,2024-03-12 05:00:00,5,12,3,0.017,,,,,,51.0,39.7,21.31,12.67,,,54.5,0.0,,29.2,,2024-03-12 05:00:00,17.0,22.0,62.25,41.24166666666667,Buena,Aceptable,Aceptable,Aceptable,"PM10, PM25"
PIN,2024-03-12 06:00:00,6,12,3,0.012,,,,,,47.0,39.8,21.22,12.73,,,56.5,0.0,,10.9,,2024-03-12 06:00:00,12.0,20.25,61.833333333333336,40.791666666666664,Buena,Aceptable,Aceptable,Aceptable,"PM10, PM25"
PIN,2024-03-12 07:00:00,7,12,3,0.006,,,,,,105.0,79.3,21.25,12.93,,,55.8,0.0,,9.2,,2024-03-12 07:00:00,6.0,17.625,62.5,41.05833333333334,Buena,Aceptable,Aceptable,Aceptable,"PM10, PM25"
PIN,2024-03-12 08:00:00,8,12,3,0.012,,,,,,221.0,171.7,21.06,16.1,,,49.9,0.0,,71.0,,2024-03-12 08:00:00,12.0,15.625,72.75,49.791666666666664,Buena,Aceptable,Mala,Mala,PM25
PIN,2024-03-12 09:00:00,9,12,3,0.022,,,,,,202.0,179.7,21.3,19.0,,,43.6,0.0,534.35,124.4,,2024-03-12 09:00:00,22.0,15.25,82.75,60.008333333333326,Buena,Mala,Mala,Mala,"PM10, PM25"
PIN,2024-03-12 10:00:00,10,12,3,0.037,,,,,,127.0,128.1,22.02,21.84,,,38.1,0.0,596.8,224.6,,2024-03-12 10:00:00,37.0,17.5,85.91666666666667,66.18333333333332,Buena,Mala,Mala,Mala,"PM10, PM25"
PIN,2024-03-12 11:00:00,11,12,3,0.05,,,,,,71.0,,22.57,23.71,,,34.1,0.0,637.62,231.6,,2024-03-12 11:00:00,50.0,21.125,86.33333333333333,68.64545454545454,Buena,Mala,Mala,Mala,"PM10, PM25"
PIN,2024-03-12 12:00:00,12,12,3,0.054,,,,,,65.0,60.0,23.56,25.74,,6.7,28.8,0.0,671.35,235.3,,2024-03-12 12:00:00,54.0,26.25,87.16666666666667,72.0090909090909,Buena,Mala,Mala,Mala,"PM10, PM25"
PIN,2024-03-12 13:00:00,13,12,3,0.056,,,,,,51.0,,24.88,27.45,,9.16,25.8,0.0,675.68,247.1,,2024-03-12 13:00:00,56.0,31.125,88.25,76.75,Buena,Mala,Mala,Mala,"PM10, PM25"
PIN,2024-03-12 14:00:00,14,12,3,0.054,,,,,,64.0,58.2,25.29,28.34,,6.64,24.5,0.0,655.24,238.6,,2024-03-12 14:00:00,54.0,36.375,90.66666666666667,80.55,Buena,Mala,Muy Mala,Muy Mala,PM25
PIN,2024-03-12 15:00:00,15,12,3,0.047,,,,,,67.0,61.0,25.45,28.55,,8.66,24.1,0.0,620.12,219.4,,2024-03-12 15:00:00,47.0,41.5,92.66666666666667,84.05,Buena,Mala,Muy Mala,Muy Mala,PM25
PIN,2024-03-12 16:00:00,16,12,3,0.027,,,,,,33.0,27.4,26.48,28.53,,11.34,24.2,0.0,565.49,229.1,,2024-03-12 16:00:00,27.0,43.375,92.0,84.49,Buena,Mala,Muy Mala,Muy Mala,PM25
PIN,2024-03-12 17:00:00,17,12,3,0.024,,,,,,31.0,32.0,25.77,27.79,,10.45,25.2,0.0,501.68,150.1,,2024-03-12 17:00:00,24.0,43.625,90.33333333333333,83.72,Buena,Mala,Muy Mala,Muy Mala,PM25
PIN,2024-03-12 18:00:00,18,12,3,0.031,,,,,,68.0,56.9,24.66,26.31,,8.67,28.6,0.0,,95.5,,2024-03-12 18:00:00,31.0,42.875,92.08333333333333,85.42999999999999,Buena,Mala,Muy Mala,Muy Mala,PM25
PIN,2024-03-12 19:00:00,19,12,3,0.026,,,,,,103.0,75.7,22.55,23.69,,4.7,33.9,0.0,,99.8,,2024-03-12 19:00:00,26.0,39.875,91.91666666666667,85.07000000000001,Buena,Mala,Muy Mala,Muy Mala,PM25
PIN,2024-03-12 20:00:00,20,12,3,0.02,,,,,,128.0,95.6,21.27,21.41,,5.21,38.2,0.0,,,,2024-03-12 20:00:00,20.0,35.625,84.16666666666667,77.46,Buena,Mala,Mala,Mala,"PM10, PM25"
PIN,2024-03-12 21:00:00,21,12,3,0.021,,,,,,79.0,57.0,21.07,19.77,,9.06,42.1,0.0,,,,2024-03-12 21:00:00,21.0,31.25,73.91666666666667,65.19,Buena,Aceptable,Mala,Mala,PM25
PIN,2024-03-12 22:00:00,22,12,3,0.015,,,,,,74.0,41.8,21.04,18.73,,0.04,43.5,0.0,,,,2024-03-12 22:00:00,15.0,26.375,69.5,56.56,Buena,Aceptable,Mala,Mala,PM25
PIN,2024-03-12 23:00:00,23,12,3,0.021,,,,,,80.0,53.0,21.07,17.02,,4.84,46.9,0.0,,,,2024-03-12 23:00:00,21.0,23.125,70.25,56.23636363636364,Buena,Aceptable,Mala,Mala,PM25
PIN,2024-03-13 00:00:00,0,13,3,0.024,,,,,,65.0,35.6,21.17,15.83,,2.89,49.1,0.0,,,,2024-03-13 00:00:00,24.0,22.75,70.25,54.01818181818182,Buena,Aceptable,Mala,Mala,PM25
PIN,2024-03-13 01:00:00,1,13,3,0.023,,,,,,51.0,38.1,21.31,15.0,,0.04,51.0,0.0,,,,2024-03-13 01:00:00,23.0,22.625,70.25,52.69166666666666,Buena,Aceptable,Mala,Mala,PM25
PIN,2024-03-13 02:00:00,2,13,3,0.021,,,,,,49.0,32.7,21.18,14.71,,0.04,51.4,0.0,,,,2024-03-13 02:00:00,21.0,21.375,69.0,50.56666666666666,Buena,Aceptable,Mala,Mala,PM25
PIN,2024-03-13 03:00:00,3,13,3,0.02,,,,,,39.0,29.8,21.27,14.54,,0.04,51.6,0.0,,,,2024-03-13 03:00:00,20.0,20.625,66.66666666666667,47.96666666666666,Buena,Aceptable,Mala,Mala,PM25
PIN,2024-03-13 04:00:00,4,13,3,0.007,,,,,,57.0,36.9,21.22,13.2,,1.14,56.5,0.0,,,,2024-03-13 04:00:00,7.0,19.0,68.66666666666667,48.75833333333333,Buena,Aceptable,Mala,Mala,PM25
PIN,2024-03-13 05:00:00,5,13,3,0.005,,,,,,91.0,59.8,21.2,12.12,,,56.2,0.0,,105.2,,2024-03-13 05:00:00,5.0,17.0,73.66666666666667,51.074999999999996,Buena,Aceptable,Mala,Mala,PM25
PIN,2024-03-13 06:00:00,6,13,3,0.004,,,,,,86.0,55.7,21.12,11.9,,,57.8,0.0,,39.0,,2024-03-13 06:00:00,4.0,15.625,75.16666666666667,50.975,Buena,Mala,Mala,Mala,"PM10, PM25"
PIN,2024-03-13 07:00:00,7,13,3,0.005,,,,,,143.0,84.0,21.22,12.11,,,57.4,0.0,,7.1,,2024-03-13 07:00:00,5.0,13.625,78.5,51.666666666666664,Buena,Mala,Mala,Mala,"PM10, PM25"
PIN,2024-03-13 08:00:00,8,13,3,0.01,,,,,,161.0,112.7,21.11,15.65,,,50.5,0.0,,92.9,,2024-03-13 08:00:00,10.0,11.875,81.25,53.09166666666667,Buena,Mala,Mala,Mala,"PM10, PM25"
PIN,2024-03-13 09:00:00,9,13,3,0.022,,,,,,138.0,126.4,21.47,18.69,,,45.5,0.0,539.05,119.6,,2024-03-13 09:00:00,22.0,11.75,86.16666666666667,58.875,Buena,Mala,Mala,Mala,"PM10, PM25"
PIN,2024-03-13 10:00:00,10,13,3,0.037,,,,,,92.0,92.3,22.3,22.1,,2.92,35.7,0.0,598.42,181.9,,2024-03-13 10:00:00,37.0,13.75,87.66666666666667,63.083333333333336,Buena,Mala,Mala,Mala,"PM10, PM25"
PIN,2024-03-13 11:00:00,11,13,3,0.05,,,,,,76.0,,22.81,24.49,,6.21,31.1,0.0,642.41,205.1,,2024-03-13 11:00:00,50.0,17.5,87.33333333333333,64.0,Buena,Mala,Mala,Mala,"PM10, PM25"
PIN,2024-03-13 12:00:00,12,13,3,0.053,,,,,,60.0,,23.81,26.25,,0.04,29.0,0.0,670.83,239.4,,2024-03-13 12:00:00,53.0,23.25,86.91666666666667,66.84,Buena,Mala,Mala,Mala,"PM10, PM25"
PIN,2024-03-13 13:00:00,13,13,3,0.05,,,,,,52.0,,24.85,27.28,,4.31,26.0,0.0,677.52,248.2,,2024-03-13 13:00:00,50.0,28.875,87.0,70.03333333333335,Buena,Mala,Mala,Mala,"PM10, PM25"
PIN,2024-03-13 14:00:00,14,13,3,0.051,,,,,,63.0,63.9,25.27,27.99,,8.43,24.9,0.0,656.22,199.1,,2024-03-13 14:00:00,51.0,34.75,88.16666666666667,73.5,Buena,Mala,Mala,Mala,"PM10, PM25"
PIN,2024-03-13 15:00:00,15,13,3,0.042,,,,,,74.0,72.1,25.33,28.4,,15.46,24.9,0.0,623.12,218.6,,2024-03-13 15:00:00,42.0,39.375,91.08333333333333,78.2,Buena,Mala,Mala,Mala,"PM10, PM25"
PIN,2024-03-13 16:00:00,16,13,3,0.038,,,,,,108.0,105.0,25.27,27.94,,17.13,25.0,0.0,566.25,119.6,,2024-03-13 16:00:00,38.0,42.875,95.33333333333333,85.76666666666667,Buena,Mala,Muy Mala,Muy Mala,PM25
PIN,2024-03-13 17:00:00,17,13,3,0.037,,,,,,76.0,76.4,24.8,27.16,,13.03,26.9,0.0,,87.9,,2024-03-13 17:00:00,37.0,44.75,94.08333333333333,87.61111111111111,Buena,Mala,Muy Mala,Muy Mala,PM25
PIN,2024-03-13 18:00:00,18,13,3,0.034,,,,,,67.0,61.7,23.75,25.87,,7.35,29.2,0.0,,134.6,,2024-03-13 18:00:00,34.0,44.375,92.5,88.27777777777777,Buena,Mala,Muy Mala,Muy Mala,PM25
PIN,2024-03-13 19:00:00,19,13,3,0.018,,,,,,99.0,79.2,22.11,23.68,,11.09,34.9,0.0,,176.0,,2024-03-13 19:00:00,18.0,40.375,88.83333333333333,87.74444444444444,Buena,Mala,Muy Mala,Muy Mala,PM25
PIN,2024-03-13 20:00:00,20,13,3,0.015,,,,,,115.0,84.0,21.16,21.76,,6.74,38.1,0.0,,,,2024-03-13 20:00:00,15.0,35.625,85.0,84.55555555555556,Buena,Mala,Muy Mala,Muy Mala,PM25
PIN,2024-03-13 21:00:00,21,13,3,0.019,,,,,,93.0,63.3,20.98,20.09,,0.04,40.3,0.0,,,,2024-03-13 21:00:00,19.0,31.75,81.25,77.54444444444444,Buena,Mala,Mala,Mala,"PM10, PM25"
PIN,2024-03-13 22:00:00,22,13,3,0.021,,,,,,90.0,75.8,21.03,18.69,,2.63,44.3,0.0,,,,2024-03-13 22:00:00,21.0,28.0,81.08333333333333,75.71111111111111,Buena,Mala,Mala,Mala,"PM10, PM25"
PIN,2024-03-13 23:00:00,23,13,3,0.022,,,,,,67.0,48.6,21.08,17.69,,2.64,46.1,0.0,,,,2024-03-13 23:00:00,22.0,25.5,80.33333333333333,73.0,Buena,Mala,Mala,Mala,"PM10, PM25"
PIN,2024-03-14 00:00:00,0,14,3,0.018,,,,,,62.0,39.6,21.1,16.27,,,50.1,0.0,,,,2024-03-14 00:00:00,18.0,23.0,80.5,69.96363636363637,Buena,Mala,Mala,Mala,"PM10, PM25"
PIN,2024-03-14 01:00:00,1,14,3,0.017,,,,,,54.0,36.2,21.21,15.67,,,51.1,0.0,,,,2024-03-14 01:00:00,17.0,20.5,80.66666666666667,67.14999999999999,Buena,Mala,Mala,Mala,"PM10, PM25"
PIN,2024-03-14 02:00:00,2,14,3,0.009,,,,,,52.0,30.6,21.16,14.81,,,52.3,0.0,,,,2024-03-14 02:00:00,9.0,17.375,79.75,64.375,Buena,Mala,Mala,Mala,"PM10, PM25"
PIN,2024-03-14 03:00:00,3,14,3,0.013,,,,,,51.0,34.4,21.24,14.24,,,54.3,0.0,,,,2024-03-14 03:00:00,13.0,16.75,77.83333333333333,61.23333333333333,Buena,Mala,Mala,Mala,"PM10, PM25"
PIN,2024-03-14 04:00:00,4,14,3,0.01,,,,,,59.0,38.5,21.16,12.89,,,55.8,0.0,,,,2024-03-14 04:00:00,10.0,16.125,73.75,55.69166666666666,Buena,Aceptable,Mala,Mala,PM25
PIN,2024-03-14 05:00:00,5,14,3,0.005,,,,,,78.0,62.2,21.16,11.94,,,57.8,0.0,,4.4,,2024-03-14 05:00:00,5.0,14.375,73.91666666666667,54.50833333333333,Buena,Aceptable,Mala,Mala,PM25
PIN,2024-03-14 06:00:00,6,14,3,0.005,,,,,,110.0,77.0,21.47,11.06,,,59.8,0.0,,6.5,,2024-03-14 06:00:00,5.0,12.375,77.5,55.78333333333333,Buena,Mala,Mala,Mala,"PM10, PM25"
PIN,2024-03-14 07:00:00,7,14,3,0.006,,,,,,151.0,107.1,21.15,11.65,,,58.5,0.0,,4.7,,2024-03-14 07:00:00,6.0,10.375,81.83333333333333,58.10833333333334,Buena,Mala,Mala,Mala,"PM10, PM25"
PIN,2024-03-14 08:00:00,8,14,3,0.009,,,,,,236.0,182.2,21.01,15.28,,,51.0,0.0,,15.1,,2024-03-14 08:00:00,9.0,9.25,91.91666666666667,66.29166666666667,Buena,Mala,Mala,Mala,"PM10, PM25"
PIN,2024-03-14 09:00:00,9,14,3,0.024,,,,,,185.0,161.6,21.32,18.91,,,44.1,0.0,542.31,80.5,,2024-03-14 09:00:00,24.0,10.125,99.58333333333333,74.48333333333333,Buena,Mala,Mala,Mala,"PM10, PM25"
PIN,2024-03-14 10:00:00,10,14,3,0.041,,,,,,86.0,,21.89,22.22,,,37.3,0.0,593.14,137.0,,2024-03-14 10:00:00,41.0,14.125,99.25,74.36363636363636,Buena,Mala,Mala,Mala,"PM10, PM25"
PIN,2024-03-14 11:00:00,11,14,3,0.051,,,,,,61.0,,,,,,,,,,,2024-03-14 11:00:00,51.0,18.875,98.75,76.94,Buena,Mala,Mala,Mala,"PM10, PM25"
PIN,2024-03-14 12:00:00,12,14,3,0.046,,,,,,49.0,,,,,,,,,,,2024-03-14 12:00:00,46.0,23.375,97.66666666666667,81.08888888888889,Buena,Mala,Muy Mala,Muy Mala,PM25
PIN,2024-03-14 13:00:00,13,14,3,0.049,,,,,,41.0,,,,,,,,,,,2024-03-14 13:00:00,49.0,28.875,96.58333333333333,,Buena,Mala,,Mala,PM10
PIN,2024-03-14 14:00:00,14,14,3,0.048,,,,,,49.0,,,,,,,,,,,2024-03-14 14:00:00,48.0,34.25,96.33333333333333,,Buena,Mala,,Mala,PM10
PIN,2024-03-14 15:00:00,15,14,3,0.042,,,,,,53.0,49.5,,,,,,,,,,2024-03-14 15:00:00,42.0,38.75,96.5,,Buena,Mala,,Mala,PM10
PIN,2024-03-14 16:00:00,16,14,3,0.035,,,,,,107.0,,,,,,,,,,,2024-03-14 16:00:00,35.0,42.0,100.5,,Buena,Mala,,Mala,PM10
PIN,2024-03-14 17:00:00,17,14,3,0.028,,,,,,133.0,117.7,,,,,,,,,,2024-03-14 17:00:00,28.0,42.5,105.08333333333333,,Buena,Mala,,Mala,PM10
PIN,2024-03-14 18:00:00,18,14,3,0.03,,,,,,134.0,112.8,,,,,,,,,,2024-03-14 18:00:00,30.0,41.125,107.08333333333333,,Buena,Mala,,Mala,PM10
PIN,2024-03-14 19:00:00,19,14,3,0.024,,,,,,106.0,80.5,,,,,,,,,,2024-03-14 19:00:00,24.0,37.75,103.33333333333333,,Buena,Mala,,Mala,PM10
PIN,2024-03-14 20:00:00,20,14,3,0.026,,,,,,92.0,72.0,,,,,,,,,,2024-03-14 20:00:00,26.0,35.25,91.33333333333333,,Buena,Mala,,Mala,PM10
PIN,2024-03-14 21:00:00,21,14,3,0.024,,,,,,76.0,53.4,,,,,,,,,,2024-03-14 21:00:00,24.0,32.125,82.25,,Buena,Mala,,Mala,PM10
PIN,2024-03-14 22:00:00,22,14,3,0.025,,,,,,68.0,47.6,,,,,,,,,,2024-03-14 22:00:00,25.0,29.25,80.75,,Buena,Mala,,Mala,PM10
PIN,2024-03-14 23:00:00,23,14,3,0.016,,,,,,70.0,52.8,,,,,,,,,,2024-03-14 23:00:00,16.0,26.0,81.5,,Buena,Mala,,Mala,PM10
PIN,2024-03-15 00:00:00,0,15,3,0.011,,,,,,63.0,52.5,,,,,,,,,,2024-03-15 00:00:00,11.0,23.0,82.66666666666667,70.97777777777777,Buena,Mala,Mala,Mala,"PM10, PM25"
PIN,2024-03-15 01:00:00,1,15,3,0.009,,,,,,49.0,39.1,,,,,,,,,,2024-03-15 01:00:00,9.0,20.625,83.33333333333333,67.78999999999999,Buena,Mala,Mala,Mala,"PM10, PM25"
PIN,2024-03-15 02:00:00,2,15,3,0.016,,,,,,35.0,29.3,,,,,,,,,,2024-03-15 02:00:00,16.0,18.875,82.16666666666667,64.29090909090908,Buena,Mala,Mala,Mala,"PM10, PM25"
PIN,2024-03-15 03:00:00,3,15,3,0.007,,,,,,47.0,31.8,,,,,,,,,,2024-03-15 03:00:00,7.0,16.75,81.66666666666667,62.68181818181818,Buena,Mala,Mala,Mala,"PM10, PM25"
PIN,2024-03-15 04:00:00,4,15,3,0.005,,,,,,67.0,46.9,,,,,,,,,,2024-03-15 04:00:00,5.0,14.125,78.33333333333333,61.36666666666667,Buena,Mala,Mala,Mala,"PM10, PM25"
PIN,2024-03-15 05:00:00,5,15,3,0.005,,,,,,93.0,67.0,,,,,,,,,,2024-03-15 05:00:00,5.0,11.75,75.0,57.14166666666667,Buena,Aceptable,Mala,Mala,PM25
PIN,2024-03-15 06:00:00,6,15,3,0.005,,,,,,105.0,78.7,,,,,,,,,,2024-03-15 06:00:00,5.0,9.25,72.58333333333333,54.300000000000004,Buena,Aceptable,Mala,Mala,PM25
PIN,2024-03-15 07:00:00,7,15,3,0.005,,,,,,146.0,110.7,,,,,,,,,,2024-03-15 07:00:00,5.0,7.875,75.91666666666667,56.81666666666666,Buena,Mala,Mala,Mala,"PM10, PM25"
PIN,2024-03-15 08:00:00,8,15,3,0.007,,,,,,205.0,172.1,,,,,,,,,,2024-03-15 08:00:00,7.0,7.375,85.33333333333333,65.15833333333333,Buena,Mala,Mala,Mala,"PM10, PM25"
PIN,2024-03-15 09:00:00,9,15,3,0.024,,,,,,192.0,,,,,,,,,,,2024-03-15 09:00:00,24.0,9.25,95.0,66.22727272727273,Buena,Mala,Mala,Mala,"PM10, PM25"
PIN,2024-03-15 10:00:00,10,15,3,0.036,,,,,,104.0,,,,,,,,,,,2024-03-15 10:00:00,36.0,11.75,98.0,68.09,Buena,Mala,Mala,Mala,"PM10, PM25"
PIN,2024-03-15 11:00:00,11,15,3,0.044,,,,,,77.0,,,,,,,,,,,2024-03-15 11:00:00,44.0,16.375,98.58333333333333,69.78888888888889,Buena,Mala,Mala,Mala,"PM10, PM25"
PIN,2024-03-15 12:00:00,12,15,3,0.046,,,,,,69.0,,,,,,,,,,,2024-03-15 12:00:00,46.0,21.5,99.08333333333333,,Buena,Mala,,Mala,PM10
PIN,2024-03-15 13:00:00,13,15,3,0.045,,,,,,52.0,,,,,,,,,,,2024-03-15 13:00:00,45.0,26.5,99.33333333333333,,Buena,Mala,,Mala,PM10
PIN,2024-03-15 14:00:00,14,15,3,0.038,,,,,,65.0,64.3,,,,,,,,,,2024-03-15 14:00:00,38.0,30.625,101.83333333333333,,Buena,Mala,,Mala,PM10
PIN,2024-03-15 15:00:00,15,15,3,0.035,,,,,,59.0,53.2,,,,,,,,,,2024-03-15 15:00:00,35.0,34.375,102.83333333333333,,Buena,Mala,,Mala,PM10
PIN,2024-03-15 16:00:00,16,15,3,0.031,,,,,,89.0,83.4,,,,,,,,,,2024-03-15 16:00:00,31.0,37.375,104.66666666666667,,Buena,Mala,,Mala,PM10
PIN,2024-03-15 17:00:00,17,15,3,0.027,,,,,,116.0,90.8,,,,,,,,,,2024-03-15 17:00:00,27.0,37.75,106.58333333333333,,Buena,Mala,,Mala,PM10
PIN,2024-03-15 18:00:00,18,15,3,0.027,,,,,,85.0,72.0,,,,,,,,,,2024-03-15 18:00:00,27.0,36.625,104.91666666666667,,Buena,Mala,,Mala,PM10
PIN,2024-03-15 19:00:00,19,15,3,0.02,,,,,,73.0,56.2,,,,,,,,,,2024-03-15 19:00:00,20.0,33.625,98.83333333333333,,Buena,Mala,,Mala,PM10
PIN,2024-03-15 20:00:00,20,15,3,0.011,,,,,,89.0,67.2,,,,,,,,,,2024-03-15 20:00:00,11.0,29.25,89.16666666666667,,Buena,Mala,,Mala,PM10
PIN,2024-03-15 21:00:00,21,15,3,0.012,,,,,,85.0,59.1,,,,,,,,,,2024-03-15 21:00:00,12.0,25.125,80.25,,Buena,Mala,,Mala,PM10
PIN,2024-03-15 22:00:00,22,15,3,0.015,,,,,,70.0,49.5,,,,,,,,,,2024-03-15 22:00:00,15.0,22.25,77.41666666666667,66.1888888888889,Buena,Mala,Mala,Mala,"PM10, PM25"
PIN,2024-03-15 23:00:00,23,15,3,0.013,,,,,,64.0,49.1,,,,,,,,,,2024-03-15 23:00:00,13.0,19.5,76.33333333333333,64.47999999999999,Buena,Mala,Mala,Mala,"PM10, PM25"
PIN,2024-03-16 00:00:00,0,16,3,0.009,,,,,,65.0,44.0,,,,,,,,,,2024-03-16 00:00:00,9.0,16.75,76.0,62.61818181818182,Buena,Mala,Mala,Mala,"PM10, PM25"
PIN,2024-03-16 01:00:00,1,16,3,0.004,,,,,,77.0,52.9,,,,,,,,,,2024-03-16 01:00:00,4.0,13.875,78.08333333333333,61.80833333333334,Buena,Mala,Mala,Mala,"PM10, PM25"
PIN,2024-03-16 02:00:00,2,16,3,0.005,,,,,,96.0,66.6,,,,,,,,,,2024-03-16 02:00:00,5.0,11.125,80.66666666666667,62.0,Buena,Mala,Mala,Mala,"PM10, PM25"
PIN,2024-03-16 03:00:00,3,16,3,0.005,,,,,,123.0,75.3,,,,,,,,,,2024-03-16 03:00:00,5.0,9.25,86.0,63.84166666666667,Buena,Mala,Mala,Mala,"PM10, PM25"
PIN,2024-03-16 04:00:00,4,16,3,0.006,,,,,,141.0,81.9,,,,,,,,,,2024-03-16 04:00:00,6.0,8.625,90.33333333333333,63.71666666666667,Buena,Mala,Mala,Mala,"PM10, PM25"
PIN,2024-03-16 05:00:00,5,16,3,0.006,,,,,,174.0,108.7,,,,,,,,,,2024-03-16 05:00:00,6.0,7.875,95.16666666666667,65.20833333333333,Buena,Mala,Mala,Mala,"PM10, PM25"
PIN,2024-03-16 06:00:00,6,16,3,0.006,,,,,,181.0,108.9,,,,,,,,,,2024-03-16 06:00:00,6.0,6.75,103.16666666666667,68.28333333333333,Buena,Mala,Mala,Mala,"PM10, PM25"
PIN,2024-03-16 07:00:00,7,16,3,0.007,,,,,,200.0,125.0,,,,,,,,,,2024-03-16 07:00:00,7.0,6.0,113.75,74.01666666666667,Buena,Mala,Mala,Mala,"PM10, PM25"
PIN,2024-03-16 08:00:00,8,16,3,0.007,,,,,,150.0,108.4,,,,,,,,,,2024-03-16 08:00:00,7.0,5.75,118.83333333333333,77.45,Buena,Mala,Mala,Mala,"PM10, PM25"
PIN,2024-03-16 09:00:00,9,16,3,0.018,,,,,,91.0,78.8,,,,,,,,,,2024-03-16 09:00:00,18.0,7.5,119.33333333333333,79.09166666666667,Buena,Mala,Muy Mala,Muy Mala,PM25
PIN,2024-03-16 10:00:00,10,16,3,0.036,,,,,,60.0,,,,,,,,,,,2024-03-16 10:00:00,36.0,11.375,118.5,81.78181818181818,Buena,Mala,Muy Mala,Muy Mala,PM25
PIN,2024-03-16 11:00:00,11,16,3,0.048,,,,,,46.0,,,,,,,,,,,2024-03-16 11:00:00,48.0,16.75,117.0,85.05,Buena,Mala,Muy Mala,Muy Mala,PM25
PIN,2024-03-16 12:00:00,12,16,3,0.05,,,,,,45.0,,,,,,,,,,,2024-03-16 12:00:00,50.0,22.25,115.33333333333333,89.61111111111111,Buena,Mala,Muy Mala,Muy Mala,PM25
PIN,2024-03-16 13:00:00,13,16,3,0.05,,,,,,41.0,,,,,,,,,,,2024-03-16 13:00:00,50.0,27.75,112.33333333333333,,Buena,Mala,,Mala,PM10
PIN,2024-03-16 14:00:00,14,16,3,0.042,,,,,,45.0,45.9,,,,,,,,,,2024-03-16 14:00:00,42.0,32.25,108.08333333333333,,Buena,Mala,,Mala,PM10
PIN,2024-03-16 15:00:00,15,16,3,0.035,,,,,,82.0,,,,,,,,,,,2024-03-16 15:00:00,35.0,35.75,104.66666666666667,,Buena,Mala,,Mala,PM10
PIN,2024-03-16 16:00:00,16,16,3,0.029,,,,,,107.0,100.8,,,,,,,,,,2024-03-16 16:00:00,29.0,38.5,101.83333333333333,,Buena,Mala,,Mala,PM10
PIN,2024-03-16 17:00:00,17,16,3,0.026,,,,,,115.0,,,,,,,,,,,2024-03-16 17:00:00,26.0,39.5,96.91666666666667,,Buena,Mala,,Mala,PM10
PIN,2024-03-16 18:00:00,18,16,3,0.027,,,,,,91.0,89.5,,,,,,,,,,2024-03-16 18:00:00,27.0,38.375,89.41666666666667,,Buena,Mala,,Mala,PM10
PIN,2024-03-16 19:00:00,19,16,3,0.022,,,,,,71.0,53.1,,,,,,,,,,2024-03-16 19:00:00,22.0,35.125,78.66666666666667,,Buena,Mala,,Mala,PM10
PIN,2024-03-16 20:00:00,20,16,3,0.019,,,,,,71.0,49.3,,,,,,,,,,2024-03-16 20:00:00,19.0,31.25,72.08333333333333,,Buena,Aceptable,,Aceptable,PM10
PIN,2024-03-16 21:00:00,21,16,3,0.013,,,,,,73.0,47.5,,,,,,,,,,2024-03-16 21:00:00,13.0,26.625,70.58333333333333,,Buena,Aceptable,,Aceptable,PM10
PIN,2024-03-16 22:00:00,22,16,3,0.011,,,,,,76.0,50.0,,,,,,,,,,2024-03-16 22:00:00,11.0,22.75,71.91666666666667,,Buena,Aceptable,,Aceptable,PM10
PIN,2024-03-16 23:00:00,23,16,3,0.009,,,,,,67.0,40.5,,,,,,,,,,2024-03-16 23:00:00,9.0,19.5,73.66666666666667,,Buena,Aceptable,,Aceptable,PM10
PIN,2024-03-17 00:00:00,0,17,3,0.006,,,,,,58.0,35.0,,,,,,,,,,2024-03-17 00:00:00,6.0,16.625,74.75,56.84444444444445,Buena,Aceptable,Mala,Mala,PM25
PIN,2024-03-17 01:00:00,1,17,3,0.005,,,,,,56.0,41.5,,,,,,,,,,2024-03-17 01:00:00,5.0,14.0,76.0,55.31,Buena,Mala,Mala,Mala,"PM10, PM25"
PIN,2024-03-17 02:00:00,2,17,3,0.005,,,,,,65.0,48.8,,,,,,,,,,2024-03-17 02:00:00,5.0,11.25,77.66666666666667,55.6,Buena,Mala,Mala,Mala,"PM10, PM25"
PIN,2024-03-17 03:00:00,3,17,3,0.004,,,,,,71.0,54.2,,,,,,,,,,2024-03-17 03:00:00,4.0,9.0,76.75,55.47272727272727,Buena,Mala,Mala,Mala,"PM10, PM25"
PIN,2024-03-17 04:00:00,4,17,3,0.005,,,,,,87.0,53.8,,,,,,,,,,2024-03-17 04:00:00,5.0,7.25,75.08333333333333,51.2,Buena,Mala,Mala,Mala,"PM10, PM25"
PIN,2024-03-17 05:00:00,5,17,3,0.007,,,,,,136.0,93.2,,,,,,,,,,2024-03-17 05:00:00,7.0,6.5,76.83333333333333,54.70000000000001,Buena,Mala,Mala,Mala,"PM10, PM25"
PIN,2024-03-17 06:00:00,6,17,3,0.005,,,,,,143.0,92.4,,,,,,,,,,2024-03-17 06:00:00,5.0,5.75,81.16666666666667,54.94166666666667,Buena,Mala,Mala,Mala,"PM10, PM25"
PIN,2024-03-17 07:00:00,7,17,3,0.005,,,,,,122.0,72.2,,,,,,,,,,2024-03-17 07:00:00,5.0,5.25,85.41666666666667,56.53333333333333,Buena,Mala,Mala,Mala,"PM10, PM25"
PIN,2024-03-17 08:00:00,8,17,3,0.008,,,,,,125.0,94.8,,,,,,,,,,2024-03-17 08:00:00,8.0,5.5,89.91666666666667,60.32500000000001,Buena,Mala,Mala,Mala,"PM10, PM25"
PIN,2024-03-17 09:00:00,9,17,3,0.018,,,,,,100.0,,,,,,,,,,,2024-03-17 09:00:00,18.0,7.125,92.16666666666667,61.4909090909091,Buena,Mala,Mala,Mala,"PM10, PM25"
PIN,2024-03-17 10:00:00,10,17,3,0.034,,,,,,44.0,,,,,,,,,,,2024-03-17 10:00:00,34.0,10.75,89.5,62.64000000000001,Buena,Mala,Mala,Mala,"PM10, PM25"
PIN,2024-03-17 11:00:00,11,17,3,0.036,,,,,,38.0,,,,,,,,,,,2024-03-17 11:00:00,36.0,14.75,87.08333333333333,65.10000000000001,Buena,Mala,Mala,Mala,"PM10, PM25"
PIN,2024-03-17 12:00:00,12,17,3,0.027,,,,,,39.0,,,,,,,,,,,2024-03-17 12:00:00,27.0,17.5,85.5,,Buena,Mala,,Mala,PM10
PIN,2024-03-17 13:00:00,13,17,3,0.03,,,,,,47.0,,,,,,,,,,,2024-03-17 13:00:00,30.0,20.375,84.75,,Buena,Mala,,Mala,PM10
PIN,2024-03-17 14:00:00,14,17,3,0.028,,,,,,52.0,49.3,,,,,,,,,,2024-03-17 14:00:00,28.0,23.25,83.66666666666667,,Buena,Mala,,Mala,PM10
PIN,2024-03-17 15:00:00,15,17,3,0.028,,,,,,74.0,73.9,,,,,,,,,,2024-03-17 15:00:00,28.0,26.125,83.91666666666667,,Buena,Mala,,Mala,PM10
PIN,2024-03-17 16:00:00,16,17,3,0.03,,,,,,47.0,,,,,,,,,,,2024-03-17 16:00:00,30.0,28.875,80.58333333333333,,Buena,Mala,,Mala,PM10
PIN,2024-03-17 17:00:00,17,17,3,0.029,,,,,,31.0,,,,,,,,,,,2024-03-17 17:00:00,29.0,30.25,71.83333333333333,,Buena,Aceptable,,Aceptable,PM10
PIN,2024-03-17 18:00:00,18,17,3,0.025,,,,,,48.0,,,,,,,,,,,2024-03-17 18:00:00,25.0,29.125,63.916666666666664,,Buena,Aceptable,,Aceptable,PM10
PIN,2024-03-17 19:00:00,19,17,3,0.017,,,,,,57.0,,,,,,,,,,,2024-03-17 19:00:00,17.0,26.75,58.5,,Buena,Aceptable,,Aceptable,PM10
PIN,2024-03-17 20:00:00,20,17,3,0.017,,,,,,35.0,26.5,,,,,,,,,,2024-03-17 20:00:00,17.0,25.5,51.0,,Buena,Aceptable,,Aceptable,PM10
PIN,2024-03-17 21:00:00,21,17,3,0.012,,,,,,46.0,28.8,,,,,,,,,,2024-03-17 21:00:00,12.0,23.25,46.5,,Buena,Buena,,Buena,"O3, PM10"
PIN,2024-03-17 22:00:00,22,17,3,0.012,,,,,,48.0,25.8,,,,,,,,,,2024-03-17 22:00:00,12.0,21.25,46.833333333333336,,Buena,Buena,,Buena,"O3, PM10"
PIN,2024-03-17 23:00:00,23,17,3,0.012,,,,,,58.0,33.1,,,,,,,,,,2024-03-17 23:00:00,12.0,19.25,48.5,,Buena,Buena,,Buena,"O3, PM10"
PIN,2024-03-18 00:00:00,0,18,3,0.007,,,,,,44.0,35.0,,,,,,,,,,2024-03-18 00:00:00,7.0,16.375,48.916666666666664,,Buena,Buena,,Buena,"O3, PM10"
PIN,2024-03-18 01:00:00,1,18,3,0.005,,,,,,54.0,39.8,,,,,,,,,,2024-03-18 01:00:00,5.0,13.375,49.5,,Buena,Buena,,Buena,"O3, PM10"
PIN,2024-03-18 02:00:00,2,18,3,0.004,,,,,,71.0,47.1,,,,,,,,,,2024-03-18 02:00:00,4.0,10.75,51.083333333333336,,Buena,Aceptable,,Aceptable,PM10
PIN,2024-03-18 03:00:00,3,18,3,0.005,,,,,,72.0,51.6,,,,,,,,,,2024-03-18 03:00:00,5.0,9.25,50.916666666666664,,Buena,Aceptable,,Aceptable,PM10
PIN,2024-03-18 04:00:00,4,18,3,0.005,,,,,,103.0,64.4,,,,,,,,,,2024-03-18 04:00:00,5.0,7.75,55.583333333333336,39.12222222222223,Buena,Aceptable,Aceptable,Aceptable,"PM10, PM25"
PIN,2024-03-18 05:00:00,5,18,3,0.005,,,,,,100.0,67.3,,,,,,,,,,2024-03-18 05:00:00,5.0,6.875,61.333333333333336,41.940000000000005,Buena,Aceptable,Aceptable,Aceptable,"PM10, PM25"
PIN,2024-03-18 06:00:00,6,18,3,0.005,,,,,,111.0,74.9,,,,,,,,,,2024-03-18 06:00:00,5.0,6.0,66.58333333333333,44.93636363636364,Buena,Aceptable,Aceptable,Aceptable,"PM10, PM25"
PIN,2024-03-18 07:00:00,7,18,3,0.007,,,,,,138.0,104.0,,,,,,,,,,2024-03-18 07:00:00,7.0,5.375,73.33333333333333,49.85833333333334,Buena,Aceptable,Mala,Mala,PM25
PIN,2024-03-18 08:00:00,8,18,3,0.009,,,,,,146.0,121.3,,,,,,,,,,2024-03-18 08:00:00,9.0,5.625,82.58333333333333,57.75833333333333,Buena,Mala,Mala,Mala,"PM10, PM25"
PIN,2024-03-18 09:00:00,9,18,3,0.023,,,,,,69.0,,,,,,,,,,,2024-03-18 09:00:00,23.0,7.875,84.5,60.39090909090908,Buena,Mala,Mala,Mala,"PM10, PM25"
PIN,2024-03-18 10:00:00,10,18,3,0.036,,,,,,44.0,,,,,,,,,,,2024-03-18 10:00:00,36.0,11.875,84.16666666666667,63.85,Buena,Mala,Mala,Mala,"PM10, PM25"
PIN,2024-03-18 11:00:00,11,18,3,0.043,,,,,,42.0,,,,,,,,,,,2024-03-18 11:00:00,43.0,16.625,82.83333333333333,67.26666666666667,Buena,Mala,Mala,Mala,"PM10, PM25"
PIN,2024-03-18 12:00:00,12,18,3,0.034,,,,,,52.0,,,,,,,,,,,2024-03-18 12:00:00,34.0,20.25,83.5,,Buena,Mala,,Mala,PM10
PIN,2024-03-18 13:00:00,13,18,3,0.037,,,,,,87.0,,,,,,,,,,,2024-03-18 13:00:00,37.0,24.25,86.25,,Buena,Mala,,Mala,PM10
PIN,2024-03-18 14:00:00,14,18,3,0.036,,,,,,48.0,,,,,,,,,,,2024-03-18 14:00:00,36.0,28.125,84.33333333333333,,Buena,Mala,,Mala,PM10
PIN,2024-03-18 15:00:00,15,18,3,0.038,,,,,,41.0,38.3,,,,,,,,,,2024-03-18 15:00:00,38.0,32.0,81.75,,Buena,Mala,,Mala,PM10
PIN,2024-03-18 16:00:00,16,18,3,0.038,,,,,,32.0,29.3,,,,,,,,,,2024-03-18 16:00:00,38.0,35.625,75.83333333333333,,Buena,Mala,,Mala,PM10
PIN,2024-03-18 17:00:00,17,18,3,0.037,,,,,,42.0,40.1,,,,,,,,,,2024-03-18 17:00:00,37.0,37.375,71.0,,Buena,Aceptable,,Aceptable,PM10
PIN,2024-03-18 18:00:00,18,18,3,0.029,,,,,,46.0,,,,,,,,,,,2024-03-18 18:00:00,29.0,36.5,65.58333333333333,,Buena,Aceptable,,Aceptable,PM10
PIN,2024-03-18 19:00:00,19,18,3,0.027,,,,,,46.0,43.8,,,,,,,,,,2024-03-18 19:00:00,27.0,34.5,57.916666666666664,,Buena,Aceptable,,Aceptable,PM10
PIN,2024-03-18 20:00:00,20,18,3,0.024,,,,,,40.0,29.4,,,,,,,,,,2024-03-18 20:00:00,24.0,33.25,49.083333333333336,,Buena,Buena,,Buena,"O3, PM10"
PIN,2024-03-18 21:00:00,21,18,3,0.02,,,,,,48.0,37.4,,,,,,,,,,2024-03-18 21:00:00,20.0,31.125,47.333333333333336,,Buena,Buena,,Buena,"O3, PM10"
PIN,2024-03-18 22:00:00,22,18,3,0.011,,,,,,40.0,31.1,,,,,,,,,,2024-03-18 22:00:00,11.0,28.0,47.0,,Buena,Buena,,Buena,"O3, PM10"
PIN,2024-03-18 23:00:00,23,18,3,0.01,,,,,,68.0,38.4,,,,,,,,,,2024-03-18 23:00:00,10.0,24.5,49.166666666666664,,Buena,Buena,,Buena,"O3, PM10"
PIN,2024-03-19 00:00:00,0,19,3,0.007,,,,,,70.0,50.6,,,,,,,,,,2024-03-19 00:00:00,7.0,20.625,50.666666666666664,37.599999999999994,Buena,Aceptable,Aceptable,Aceptable,"PM10, PM25"
PIN,2024-03-19 01:00:00,1,19,3,0.009,,,,,,88.0,77.6,,,,,,,,,,2024-03-19 01:00:00,9.0,17.125,50.75,41.6,Buena,Aceptable,Aceptable,Aceptable,"PM10, PM25"
PIN,2024-03-19 02:00:00,2,19,3,0.011,,,,,,67.0,54.3,,,,,,,,,,2024-03-19 02:00:00,11.0,14.875,52.333333333333336,42.75454545454546,Buena,Aceptable,Aceptable,Aceptable,"PM10, PM25"
PIN,2024-03-19 03:00:00,3,19,3,0.008,,,,,,58.0,51.9,,,,,,,,,,2024-03-19 03:00:00,8.0,12.5,53.75,43.99090909090909,Buena,Aceptable,Aceptable,Aceptable,"PM10, PM25"
PIN,2024-03-19 04:00:00,4,19,3,0.006,,,,,,120.0,86.5,,,,,,,,,,2024-03-19 04:00:00,6.0,10.25,61.083333333333336,49.19090909090908,Buena,Aceptable,Mala,Mala,PM25
PIN,2024-03-19 05:00:00,5,19,3,0.006,,,,,,134.0,96.6,,,,,,,,,,2024-03-19 05:00:00,6.0,8.5,68.75,54.32727272727273,Buena,Aceptable,Mala,Mala,PM25
PIN,2024-03-19 06:00:00,6,19,3,0.005,,,,,,114.0,81.7,,,,,,,,,,2024-03-19 06:00:00,5.0,7.75,74.41666666666667,56.60833333333333,Buena,Aceptable,Mala,Mala,PM25
PIN,2024-03-19 07:00:00,7,19,3,0.006,,,,,,132.0,101.1,,,,,,,,,,2024-03-19 07:00:00,6.0,7.25,81.58333333333333,61.38333333333333,Buena,Mala,Mala,Mala,"PM10, PM25"
PIN,2024-03-19 08:00:00,8,19,3,0.007,,,,,,192.0,154.7,,,,,,,,,,2024-03-19 08:00:00,7.0,7.25,94.25,71.82499999999999,Buena,Mala,Mala,Mala,"PM10, PM25"
PIN,2024-03-19 09:00:00,9,19,3,0.018,,,,,,253.0,224.7,,,,,,,,,,2024-03-19 09:00:00,18.0,8.375,111.33333333333333,87.43333333333332,Buena,Mala,Muy Mala,Muy Mala,PM25
PIN,2024-03-19 10:00:00,10,19,3,0.038,,,,,,110.0,,,,,,,,,,,2024-03-19 10:00:00,38.0,11.75,117.16666666666667,92.55454545454543,Buena,Mala,Muy Mala,Muy Mala,PM25
PIN,2024-03-19 11:00:00,11,19,3,0.046,,,,,,45.0,,,,,,,,,,,2024-03-19 11:00:00,46.0,16.5,115.25,97.96999999999998,Buena,Mala,Muy Mala,Muy Mala,PM25
PIN,2024-03-19 12:00:00,12,19,3,0.047,,,,,,46.0,,,,,,,,,,,2024-03-19 12:00:00,47.0,21.625,113.25,103.2333333333333,Buena,Mala,Muy Mala,Muy Mala,PM25
PIN,2024-03-19 13:00:00,13,19,3,0.037,,,,,,62.0,,,,,,,,,,,2024-03-19 13:00:00,37.0,25.5,111.08333333333333,,Buena,Mala,,Mala,PM10
PIN,2024-03-19 14:00:00,14,19,3,0.042,,,,,,39.0,,,,,,,,,,,2024-03-19 14:00:00,42.0,30.125,108.75,,Buena,Mala,,Mala,PM10
PIN,2024-03-19 15:00:00,15,19,3,0.037,,,,,,39.0,,,,,,,,,,,2024-03-19 15:00:00,37.0,34.0,107.16666666666667,,Buena,Mala,,Mala,PM10
PIN,2024-03-19 16:00:00,16,19,3,0.034,,,,,,46.0,40.6,,,,,,,,,,2024-03-19 16:00:00,34.0,37.375,101.0,,Buena,Mala,,Mala,PM10
PIN,2024-03-19 17:00:00,17,19,3,0.032,,,,,,88.0,83.4,,,,,,,,,,2024-03-19 17:00:00,32.0,39.125,97.16666666666667,,Buena,Mala,,Mala,PM10
PIN,2024-03-19 18:00:00,18,19,3,0.03,,,,,,85.0,67.5,,,,,,,,,,2024-03-19 18:00:00,30.0,38.125,94.75,,Buena,Mala,,Mala,PM10
PIN,2024-03-19 19:00:00,19,19,3,0.021,,,,,,63.0,51.4,,,,,,,,,,2024-03-19 19:00:00,21.0,35.0,89.0,,Buena,Mala,,Mala,PM10
PIN,2024-03-19 20:00:00,20,19,3,0.021,,,,,,51.0,41.7,,,,,,,,,,2024-03-19 20:00:00,21.0,31.75,77.25,,Buena,Mala,,Mala,PM10
PIN,2024-03-19 21:00:00,21,19,3,0.019,,,,,,76.0,55.4,,,,,,,,,,2024-03-19 21:00:00,19.0,29.5,62.5,,Buena,Aceptable,,Aceptable,PM10
PIN,2024-03-19 22:00:00,22,19,3,0.022,,,,,,56.0,44.4,,,,,,,,,,2024-03-19 22:00:00,22.0,27.0,58.0,,Buena,Aceptable,,Aceptable,PM10
PIN,2024-03-19 23:00:00,23,19,3,0.021,,,,,,42.0,28.6,,,,,,,,,,2024-03-19 23:00:00,21.0,25.0,57.75,,Buena,Aceptable,,Aceptable,PM10
PIN,2024-03-20 00:00:00,0,20,3,0.018,,,,,,38.0,27.7,,,,,,,,,,2024-03-20 00:00:00,18.0,23.0,57.083333333333336,48.96666666666667,Buena,Aceptable,Mala,Mala,PM25
PIN,2024-03-20 01:00:00,1,20,3,0.012,,,,,,49.0,33.0,,,,,,,,,,2024-03-20 01:00:00,12.0,20.5,56.0,47.37,Buena,Aceptable,Mala,Mala,PM25
PIN,2024-03-20 02:00:00,2,20,3,0.023,,,,,,41.0,30.2,,,,,,,,,,2024-03-20 02:00:00,23.0,19.625,56.166666666666664,45.809090909090905,Buena,Aceptable,Mala,Mala,PM25
PIN,2024-03-20 03:00:00,3,20,3,0.016,,,,,,36.0,29.0,,,,,,,,,,2024-03-20 03:00:00,16.0,19.0,55.916666666666664,44.40833333333333,Buena,Aceptable,Aceptable,Aceptable,"PM10, PM25"
PIN,2024-03-20 04:00:00,4,20,3,0.011,,,,,,33.0,24.3,,,,,,,,,,2024-03-20 04:00:00,11.0,17.75,54.833333333333336,43.050000000000004,Buena,Aceptable,Aceptable,Aceptable,"PM10, PM25"
PIN,2024-03-20 05:00:00,5,20,3,0.006,,,,,,39.0,29.6,,,,,,,,,,2024-03-20 05:00:00,6.0,16.125,50.75,38.56666666666667,Buena,Aceptable,Aceptable,Aceptable,"PM10, PM25"
PIN,2024-03-20 06:00:00,6,20,3,0.005,,,,,,60.0,49.8,,,,,,,,,,2024-03-20 06:00:00,5.0,14.0,48.666666666666664,37.09166666666667,Buena,Buena,Aceptable,Aceptable,PM25
PIN,2024-03-20 07:00:00,7,20,3,0.006,,,,,,93.0,73.2,,,,,,,,,,2024-03-20 07:00:00,6.0,12.125,51.166666666666664,38.90833333333334,Buena,Aceptable,Aceptable,Aceptable,"PM10, PM25"
PIN,2024-03-20 08:00:00,8,20,3,0.011,,,,,,134.0,110.2,,,,,,,,,,2024-03-20 08:00:00,11.0,11.25,58.083333333333336,44.61666666666667,Buena,Aceptable,Aceptable,Aceptable,"PM10, PM25"
PIN,2024-03-20 09:00:00,9,20,3,0.028,,,,,,128.0,116.3,,,,,,,,,,2024-03-20 09:00:00,28.0,13.25,62.416666666666664,49.69166666666666,Buena,Aceptable,Mala,Mala,PM25
PIN,2024-03-20 10:00:00,10,20,3,0.032,,,,,,80.0,77.5,,,,,,,,,,2024-03-20 10:00:00,32.0,14.375,64.41666666666667,52.45000000000001,Buena,Aceptable,Mala,Mala,PM25
PIN,2024-03-20 11:00:00,11,20,3,0.041,,,,,,50.0,,,,,,,,,,,2024-03-20 11:00:00,41.0,17.5,65.08333333333333,54.618181818181824,Buena,Aceptable,Mala,Mala,PM25
PIN,2024-03-20 12:00:00,12,20,3,0.05,,,,,,43.0,44.0,,,,,,,,,,2024-03-20 12:00:00,50.0,22.375,65.5,56.099999999999994,Buena,Aceptable,Mala,Mala,PM25
PIN,2024-03-20 13:00:00,13,20,3,0.055,,,,,,43.0,43.7,,,,,,,,,,2024-03-20 13:00:00,55.0,28.5,65.0,57.07272727272727,Buena,Aceptable,Mala,Mala,PM25
PIN,2024-03-20 14:00:00,14,20,3,0.046,,,,,,43.0,34.0,,,,,,,,,,2024-03-20 14:00:00,46.0,33.625,65.16666666666667,57.41818181818182,Buena,Aceptable,Mala,Mala,PM25
PIN,2024-03-20 15:00:00,15,20,3,0.041,,,,,,60.0,,,,,,,,,,,2024-03-20 15:00:00,41.0,38.0,67.16666666666667,60.260000000000005,Buena,Aceptable,Mala,Mala,PM25
PIN,2024-03-20 16:00:00,16,20,3,0.036,,,,,,68.0,58.7,,,,,,,,,,2024-03-20 16:00:00,36.0,41.125,70.08333333333333,63.7,Buena,Aceptable,Mala,Mala,PM25
PIN,2024-03-20 17:00:00,17,20,3,0.035,,,,,,70.0,51.3,,,,,,,,,,2024-03-20 17:00:00,35.0,42.0,72.66666666666667,65.87,Buena,Aceptable,Mala,Mala,PM25
PIN,2024-03-20 18:00:00,18,20,3,0.029,,,,,,76.0,58.5,,,,,,,,,,2024-03-20 18:00:00,29.0,41.625,74.0,66.74,Buena,Aceptable,Mala,Mala,PM25
PIN,2024-03-20 19:00:00,19,20,3,0.021,,,,,,84.0,59.1,,,,,,,,,,2024-03-20 19:00:00,21.0,39.125,73.25,65.33000000000001,Buena,Aceptable,Mala,Mala,PM25
PIN,2024-03-20 20:00:00,20,20,3,0.013,,,,,,59.0,41.5,,,,,,,,,,2024-03-20 20:00:00,13.0,34.5,67.0,58.46,Buena,Aceptable,Mala,Mala,PM25
PIN,2024-03-20 21:00:00,21,20,3,0.016,,,,,,59.0,33.9,,,,,,,,,,2024-03-20 21:00:00,16.0,29.625,61.25,50.22,Buena,Aceptable,Mala,Mala,PM25
PIN,2024-03-20 22:00:00,22,20,3,0.016,,,,,,40.0,18.1,,,,,,,,,,2024-03-20 22:00:00,16.0,25.875,57.916666666666664,44.28,Buena,Aceptable,Aceptable,Aceptable,"PM10, PM25"
PIN,2024-03-20 23:00:00,23,20,3,0.011,,,,,,53.0,28.4,,,,,,,,,,2024-03-20 23:00:00,11.0,22.125,58.166666666666664,42.836363636363636,Buena,Aceptable,Aceptable,Aceptable,"PM10, PM25"
PIN,2024-03-21 00:00:00,0,21,3,0.019,,,,,,62.0,45.8,,,,,,,,,,2024-03-21 00:00:00,19.0,20.0,59.75,43.0,Buena,Aceptable,Aceptable,Aceptable,"PM10, PM25"
PIN,2024-03-21 01:00:00,1,21,3,0.014,,,,,,46.0,46.2,,,,,,,,,,2024-03-21 01:00:00,14.0,17.375,60.0,43.22727272727273,Buena,Aceptable,Aceptable,Aceptable,"PM10, PM25"
PIN,2024-03-21 02:00:00,2,21,3,0.014,,,,,,44.0,34.7,,,,,,,,,,2024-03-21 02:00:00,14.0,15.5,60.083333333333336,43.290909090909096,Buena,Aceptable,Aceptable,Aceptable,"PM10, PM25"
PIN,2024-03-21 03:00:00,3,21,3,0.014,,,,,,40.0,29.4,,,,,,,,,,2024-03-21 03:00:00,14.0,14.625,58.416666666666664,42.13333333333333,Buena,Aceptable,Aceptable,Aceptable,"PM10, PM25"
PIN,2024-03-21 04:00:00,4,21,3,0.014,,,,,,51.0,43.3,,,,,,,,,,2024-03-21 04:00:00,14.0,14.75,57.0,40.85,Buena,Aceptable,Aceptable,Aceptable,"PM10, PM25"
PIN,2024-03-21 05:00:00,5,21,3,0.008,,,,,,59.0,41.4,,,,,,,,,,2024-03-21 05:00:00,8.0,13.75,56.083333333333336,40.025,Buena,Aceptable,Aceptable,Aceptable,"PM10, PM25"
PIN,2024-03-21 06:00:00,6,21,3,0.005,,,,,,81.0,61.1,,,,,,,,,,2024-03-21 06:00:00,5.0,12.375,56.5,40.24166666666667,Buena,Aceptable,Aceptable,Aceptable,"PM10, PM25"
PIN,2024-03-21 07:00:00,7,21,3,0.006,,,,,,127.0,94.0,,,,,,,,,,2024-03-21 07:00:00,6.0,11.75,60.083333333333336,43.15,Buena,Aceptable,Aceptable,Aceptable,"PM10, PM25"
PIN,2024-03-21 08:00:00,8,21,3,0.012,,,,,,184.0,146.8,,,,,,,,,,2024-03-21 08:00:00,12.0,10.875,70.5,51.925000000000004,Buena,Aceptable,Mala,Mala,PM25
PIN,2024-03-21 09:00:00,9,21,3,0.03,,,,,,137.0,133.6,,,,,,,,,,2024-03-21 09:00:00,30.0,12.875,77.0,60.23333333333333,Buena,Mala,Mala,Mala,"PM10, PM25"
PIN,2024-03-21 10:00:00,10,21,3,0.041,,,,,,96.0,,,,,,,,,,,2024-03-21 10:00:00,41.0,16.25,81.66666666666667,64.06363636363636,Buena,Mala,Mala,Mala,"PM10, PM25"
PIN,2024-03-21 11:00:00,11,21,3,0.037,,,,,,72.0,,,,,,,,,,,2024-03-21 11:00:00,37.0,19.125,83.25,67.63,Buena,Mala,Mala,Mala,"PM10, PM25"
PIN,2024-03-21 12:00:00,12,21,3,0.035,,,,,,88.0,80.6,,,,,,,,,,2024-03-21 12:00:00,35.0,21.75,85.41666666666667,71.11,Buena,Mala,Mala,Mala,"PM10, PM25"
PIN,2024-03-21 13:00:00,13,21,3,0.033,,,,,,128.0,107.8,,,,,,,,,,2024-03-21 13:00:00,33.0,24.875,92.25,77.27000000000001,Buena,Mala,Mala,Mala,"PM10, PM25"
PIN,2024-03-21 14:00:00,14,21,3,0.036,,,,,,123.0,103.0,,,,,,,,,,2024-03-21 14:00:00,36.0,28.75,98.83333333333333,84.1,Buena,Mala,Muy Mala,Muy Mala,PM25
PIN,2024-03-21 15:00:00,15,21,3,0.036,,,,,,107.0,96.7,,,,,,,,,,2024-03-21 15:00:00,36.0,32.5,104.41666666666667,90.83,Buena,Mala,Muy Mala,Muy Mala,PM25
PIN,2024-03-21 16:00:00,16,21,3,0.032,,,,,,117.0,106.5,,,,,,,,,,2024-03-21 16:00:00,32.0,35.0,109.91666666666667,97.15,Buena,Mala,Muy Mala,Muy Mala,PM25
PIN,2024-03-21 17:00:00,17,21,3,0.029,,,,,,146.0,114.8,,,,,,,,,,2024-03-21 17:00:00,29.0,34.875,117.16666666666667,104.48999999999998,Buena,Mala,Muy Mala,Muy Mala,PM25
PIN,2024-03-21 18:00:00,18,21,3,0.027,,,,,,111.0,84.3,,,,,,,,,,2024-03-21 18:00:00,27.0,33.125,119.66666666666667,106.80999999999999,Buena,Mala,Muy Mala,Muy Mala,PM25
PIN,2024-03-21 19:00:00,19,21,3,0.024,,,,,,87.0,71.2,,,,,,,,,,2024-03-21 19:00:00,24.0,31.5,116.33333333333333,104.53,Buena,Mala,Muy Mala,Muy Mala,PM25
PIN,2024-03-21 20:00:00,20,21,3,0.022,,,,,,81.0,65.2,,,,,,,,,,2024-03-21 20:00:00,22.0,29.875,107.75,96.36999999999999,Buena,Mala,Muy Mala,Muy Mala,PM25
PIN,2024-03-21 21:00:00,21,21,3,0.015,,,,,,51.0,39.1,,,,,,,,,,2024-03-21 21:00:00,15.0,27.625,100.58333333333333,86.91999999999999,Buena,Mala,Muy Mala,Muy Mala,PM25
PIN,2024-03-21 22:00:00,22,21,3,0.012,,,,,,44.0,32.7,,,,,,,,,,2024-03-21 22:00:00,12.0,24.625,96.25,81.99090909090908,Buena,Mala,Muy Mala,Muy Mala,PM25
PIN,2024-03-21 23:00:00,23,21,3,0.012,,,,,,42.0,25.1,,,,,,,,,,2024-03-21 23:00:00,12.0,21.625,93.75,77.25,Buena,Mala,Mala,Mala,"PM10, PM25"
PIN,2024-03-22 00:00:00,0,22,3,0.005,,,,,,27.0,15.0,,,,,,,,,,2024-03-22 00:00:00,5.0,18.25,88.66666666666667,71.78333333333335,Buena,Mala,Mala,Mala,"PM10, PM25"
PIN,2024-03-22 01:00:00,1,22,3,0.004,,,,,,37.0,22.6,,,,,,,,,,2024-03-22 01:00:00,4.0,15.125,81.08333333333333,64.68333333333332,Buena,Mala,Mala,Mala,"PM10, PM25"
PIN,2024-03-22 02:00:00,2,22,3,0.005,,,,,,72.0,55.5,,,,,,,,,,2024-03-22 02:00:00,5.0,12.375,76.83333333333333,60.724999999999994,Buena,Mala,Mala,Mala,"PM10, PM25"
PIN,2024-03-22 03:00:00,3,22,3,0.005,,,,,,83.0,56.7,,,,,,,,,,2024-03-22 03:00:00,5.0,10.0,74.83333333333333,57.39166666666667,Buena,Aceptable,Mala,Mala,PM25
PIN,2024-03-22 04:00:00,4,22,3,0.006,,,,,,74.0,53.0,,,,,,,,,,2024-03-22 04:00:00,6.0,8.0,71.25,52.93333333333334,Buena,Aceptable,Mala,Mala,PM25
PIN,2024-03-22 05:00:00,5,22,3,0.006,,,,,,105.0,69.9,,,,,,,,,,2024-03-22 05:00:00,6.0,6.875,67.83333333333333,49.19166666666666,Buena,Aceptable,Mala,Mala,PM25
PIN,2024-03-22 06:00:00,6,22,3,0.005,,,,,,121.0,90.0,,,,,,,,,,2024-03-22 06:00:00,5.0,6.0,68.66666666666667,49.666666666666664,Buena,Aceptable,Mala,Mala,PM25
PIN,2024-03-22 07:00:00,7,22,3,0.006,,,,,,145.0,93.3,,,,,,,,,,2024-03-22 07:00:00,6.0,5.25,73.5,51.50833333333333,Buena,Aceptable,Mala,Mala,PM25
PIN,2024-03-22 08:00:00,8,22,3,0.007,,,,,,217.0,166.5,,,,,,,,,,2024-03-22 08:00:00,7.0,5.5,84.83333333333333,59.95000000000001,Buena,Mala,Mala,Mala,"PM10, PM25"
PIN,2024-03-22 09:00:00,9,22,3,0.015,,,,,,159.0,142.5,,,,,,,,,,2024-03-22 09:00:00,15.0,6.875,93.83333333333333,68.56666666666666,Buena,Mala,Mala,Mala,"PM10, PM25"
PIN,2024-03-22 10:00:00,10,22,3,0.026,,,,,,51.0,,,,,,,,,,,2024-03-22 10:00:00,26.0,9.5,94.41666666666667,71.82727272727271,Buena,Mala,Mala,Mala,"PM10, PM25"
PIN,2024-03-22 11:00:00,11,22,3,0.04,,,,,,38.0,,,,,,,,,,,2024-03-22 11:00:00,40.0,13.875,94.08333333333333,76.5,Buena,Mala,Mala,Mala,"PM10, PM25"
PIN,2024-03-22 12:00:00,12,22,3,0.044,,,,,,52.0,,,,,,,,,,,2024-03-22 12:00:00,44.0,18.625,96.16666666666667,83.33333333333333,Buena,Mala,Muy Mala,Muy Mala,PM25
PIN,2024-03-22 13:00:00,13,22,3,0.042,,,,,,55.0,54.7,,,,,,,,,,2024-03-22 13:00:00,42.0,23.125,97.66666666666667,86.9,Buena,Mala,Muy Mala,Muy Mala,PM25
PIN,2024-03-22 14:00:00,14,22,3,0.043,,,,,,81.0,76.6,,,,,,,,,,2024-03-22 14:00:00,43.0,27.875,98.41666666666667,89.24444444444445,Buena,Mala,Muy Mala,Muy Mala,PM25
PIN,2024-03-22 15:00:00,15,22,3,0.045,,,,,,61.0,57.5,,,,,,,,,,2024-03-22 15:00:00,45.0,32.75,96.58333333333333,89.33333333333333,Buena,Mala,Muy Mala,Muy Mala,PM25
PIN,2024-03-22 16:00:00,16,22,3,0.045,,,,,,48.0,46.7,,,,,,,,,,2024-03-22 16:00:00,45.0,37.5,94.41666666666667,88.63333333333334,Buena,Mala,Muy Mala,Muy Mala,PM25
PIN,2024-03-22 17:00:00,17,22,3,0.043,,,,,,41.0,35.4,,,,,,,,,,2024-03-22 17:00:00,43.0,41.0,89.08333333333333,84.80000000000001,Buena,Mala,Muy Mala,Muy Mala,PM25
PIN,2024-03-22 18:00:00,18,22,3,0.033,,,,,,71.0,60.2,,,,,,,,,,2024-03-22 18:00:00,33.0,41.875,84.91666666666667,81.48888888888888,Buena,Mala,Muy Mala,Muy Mala,PM25
PIN,2024-03-22 19:00:00,19,22,3,0.034,,,,,,82.0,62.9,,,,,,,,,,2024-03-22 19:00:00,34.0,41.125,79.66666666666667,78.11111111111111,Buena,Mala,Mala,Mala,"PM10, PM25"
PIN,2024-03-22 20:00:00,20,22,3,0.025,,,,,,52.0,36.1,,,,,,,,,,2024-03-22 20:00:00,25.0,38.75,65.91666666666667,63.62222222222221,Buena,Aceptable,Mala,Mala,PM25
PIN,2024-03-22 21:00:00,21,22,3,0.015,,,,,,70.0,51.9,,,,,,,,,,2024-03-22 21:00:00,15.0,35.375,58.5,53.55555555555556,Buena,Aceptable,Mala,Mala,PM25
PIN,2024-03-22 22:00:00,22,22,3,0.013,,,,,,112.0,71.3,,,,,,,,,,2024-03-22 22:00:00,13.0,31.625,63.583333333333336,55.33,Buena,Aceptable,Mala,Mala,PM25
PIN,2024-03-22 23:00:00,23,22,3,0.005,,,,,,128.0,85.4,,,,,,,,,,2024-03-22 23:00:00,5.0,26.625,71.08333333333333,58.06363636363637,Buena,Aceptable,Mala,Mala,PM25
PIN,2024-03-23 00:00:00,0,23,3,0.006,,,,,,135.0,90.2,,,,,,,,,,2024-03-23 00:00:00,6.0,21.75,78.0,60.74166666666667,Buena,Mala,Mala,Mala,"PM10, PM25"
PIN,2024-03-23 01:00:00,1,23,3,0.006,,,,,,124.0,86.4,,,,,,,,,,2024-03-23 01:00:00,6.0,17.125,83.75,63.383333333333326,Buena,Mala,Mala,Mala,"PM10, PM25"
PIN,2024-03-23 02:00:00,2,23,3,0.005,,,,,,131.0,90.9,,,,,,,,,,2024-03-23 02:00:00,5.0,13.625,87.91666666666667,64.575,Buena,Mala,Mala,Mala,"PM10, PM25"
PIN,2024-03-23 03:00:00,3,23,3,0.007,,,,,,169.0,110.6,,,,,,,,,,2024-03-23 03:00:00,7.0,10.25,96.91666666666667,69.0,Buena,Mala,Mala,Mala,"PM10, PM25"
PIN,2024-03-23 04:00:00,4,23,3,0.006,,,,,,196.0,124.5,,,,,,,,,,2024-03-23 04:00:00,6.0,7.875,109.25,75.48333333333333,Buena,Mala,Mala,Mala,"PM10, PM25"
PIN,2024-03-23 05:00:00,5,23,3,0.006,,,,,,176.0,116.3,,,,,,,,,,2024-03-23 05:00:00,6.0,6.75,120.5,82.22500000000001,Buena,Mala,Muy Mala,Muy Mala,PM25
PIN,2024-03-23 06:00:00,6,23,3,0.007,,,,,,231.0,143.2,,,,,,,,,,2024-03-23 06:00:00,7.0,6.0,133.83333333333334,89.14166666666667,Buena,Mala,Muy Mala,Muy Mala,PM25
PIN,2024-03-23 07:00:00,7,23,3,0.007,,,,,,290.0,193.2,,,,,,,,,,2024-03-23 07:00:00,7.0,6.25,151.16666666666666,100.0,Buena,Mala,Muy Mala,Muy Mala,PM25
PIN,2024-03-23 08:00:00,8,23,3,0.008,,,,,,290.0,219.2,,,,,,,,,,2024-03-23 08:00:00,8.0,6.5,171.0,115.25833333333334,Buena,Muy Mala,Muy Mala,Muy Mala,"PM10, PM25"
PIN,2024-03-23 09:00:00,9,23,3,0.021,,,,,,252.0,199.6,,,,,,,,,,2024-03-23 09:00:00,21.0,8.375,186.16666666666666,127.56666666666666,Buena,Muy Mala,Muy Mala,Muy Mala,"PM10, PM25"
PIN,2024-03-23 10:00:00,10,23,3,0.045,,,,,,191.0,173.0,,,,,,,,,,2024-03-23 10:00:00,45.0,13.375,192.75,136.04166666666666,Buena,Muy Mala,Muy Mala,Muy Mala,"PM10, PM25"
PIN,2024-03-23 11:00:00,11,23,3,0.067,,,,,,104.0,,,,,,,,,,,2024-03-23 11:00:00,67.0,20.875,190.75,140.64545454545453,Buena,Muy Mala,Muy Mala,Muy Mala,"PM10, PM25"
PIN,2024-03-23 12:00:00,12,23,3,0.07,,,,,,71.0,,,,,,,,,,,2024-03-23 12:00:00,70.0,28.875,185.41666666666666,145.69,Buena,Muy Mala,Muy Mala,Muy Mala,"PM10, PM25"
PIN,2024-03-23 13:00:00,13,23,3,0.059,,,,,,60.0,,,,,,,,,,,2024-03-23 13:00:00,59.0,35.5,180.08333333333334,152.27777777777777,Buena,Muy Mala,Extremadamente Mala,Extremadamente Mala,PM25
PIN,2024-03-23 14:00:00,14,23,3,0.06,,,,,,58.0,51.9,,,,,,,,,,2024-03-23 14:00:00,60.0,42.125,174.0,147.94444444444446,Buena,Muy Mala,Extremadamente Mala,Extremadamente Mala,PM25
PIN,2024-03-23 15:00:00,15,23,3,0.056,,,,,,57.0,45.5,,,,,,,,,,2024-03-23 15:00:00,56.0,48.25,164.66666666666666,140.7111111111111,Buena,Muy Mala,Muy Mala,Muy Mala,"PM10, PM25"
PIN,2024-03-23 16:00:00,16,23,3,0.055,,,,,,57.0,55.6,,,,,,,,,,2024-03-23 16:00:00,55.0,54.125,153.08333333333334,133.05555555555554,Aceptable,Mala,Muy Mala,Muy Mala,PM25
PIN,2024-03-23 17:00:00,17,23,3,0.055,,,,,,58.0,42.5,,,,,,,,,,2024-03-23 17:00:00,55.0,58.375,143.25,124.85555555555555,Aceptable,Mala,Muy Mala,Muy Mala,PM25
PIN,2024-03-23 18:00:00,18,23,3,0.053,,,,,,59.0,45.3,,,,,,,,,,2024-03-23 18:00:00,53.0,59.375,128.91666666666666,113.97777777777777,Aceptable,Mala,Muy Mala,Muy Mala,PM25
PIN,2024-03-23 19:00:00,19,23,3,0.046,,,,,,72.0,58.8,,,,,,,,,,2024-03-23 19:00:00,46.0,56.75,110.75,99.04444444444444,Aceptable,Mala,Muy Mala,Muy Mala,PM25
PIN,2024-03-23 20:00:00,20,23,3,0.042,,,,,,74.0,52.0,,,,,,,,,,2024-03-23 20:00:00,42.0,53.25,92.75,80.46666666666667,Aceptable,Mala,Muy Mala,Muy Mala,PM25
PIN,2024-03-23 21:00:00,21,23,3,0.036,,,,,,70.0,37.0,,,,,,,,,,2024-03-23 21:00:00,36.0,50.375,77.58333333333333,62.400000000000006,Buena,Mala,Mala,Mala,"PM10, PM25"
PIN,2024-03-23 22:00:00,22,23,3,0.036,,,,,,67.0,44.3,,,,,,,,,,2024-03-23 22:00:00,36.0,47.375,67.25,48.1,Buena,Aceptable,Mala,Mala,PM25
PIN,2024-03-23 23:00:00,23,23,3,0.041,,,,,,54.0,34.0,,,,,,,,,,2024-03-23 23:00:00,41.0,45.5,63.083333333333336,46.690000000000005,Buena,Aceptable,Mala,Mala,PM25
PIN,2024-03-24 00:00:00,0,24,3,0.044,,,,,,42.0,19.1,,,,,,,,,,2024-03-24 00:00:00,44.0,44.125,60.666666666666664,44.18181818181818,Buena,Aceptable,Aceptable,Aceptable,"PM10, PM25"
PIN,2024-03-24 01:00:00,1,24,3,0.04,,,,,,35.0,17.9,,,,,,,,,,2024-03-24 01:00:00,40.0,42.25,58.583333333333336,41.99166666666667,Buena,Aceptable,Aceptable,Aceptable,"PM10, PM25"
PIN,2024-03-24 02:00:00,2,24,3,0.04,,,,,,29.0,21.5,,,,,,,,,,2024-03-24 02:00:00,40.0,40.625,56.166666666666664,39.458333333333336,Buena,Aceptable,Aceptable,Aceptable,"PM10, PM25"
PIN,2024-03-24 03:00:00,3,24,3,0.039,,,,,,40.0,29.5,,,,,,,,,,2024-03-24 03:00:00,39.0,39.75,54.75,38.125,Buena,Aceptable,Aceptable,Aceptable,"PM10, PM25"
PIN,2024-03-24 04:00:00,4,24,3,0.036,,,,,,30.0,19.9,,,,,,,,,,2024-03-24 04:00:00,36.0,39.0,52.5,35.15,Buena,Aceptable,Aceptable,Aceptable,"PM10, PM25"
PIN,2024-03-24 05:00:00,5,24,3,0.023,,,,,,29.0,16.0,,,,,,,,,,2024-03-24 05:00:00,23.0,37.375,50.083333333333336,32.94166666666666,Buena,Aceptable,Aceptable,Aceptable,"PM10, PM25"
PIN,2024-03-24 06:00:00,6,24,3,0.007,,,,,,74.0,53.9,,,,,,,,,,2024-03-24 06:00:00,7.0,33.75,51.333333333333336,33.65833333333333,Buena,Aceptable,Aceptable,Aceptable,"PM10, PM25"
PIN,2024-03-24 07:00:00,7,24,3,0.008,,,,,,131.0,104.1,,,,,,,,,,2024-03-24 07:00:00,8.0,29.625,56.25,37.43333333333333,Buena,Aceptable,Aceptable,Aceptable,"PM10, PM25"
PIN,2024-03-24 08:00:00,8,24,3,0.014,,,,,,120.0,107.9,,,,,,,,,,2024-03-24 08:00:00,14.0,25.875,60.083333333333336,42.09166666666667,Buena,Aceptable,Aceptable,Aceptable,"PM10, PM25"
PIN,2024-03-24 09:00:00,9,24,3,0.042,,,,,,99.0,99.4,,,,,,,,,,2024-03-24 09:00:00,42.0,26.125,62.5,47.291666666666664,Buena,Aceptable,Mala,Mala,PM25
PIN,2024-03-24 10:00:00,10,24,3,0.053,,,,,,76.0,73.0,,,,,,,,,,2024-03-24 10:00:00,53.0,27.75,63.25,49.68333333333334,Buena,Aceptable,Mala,Mala,PM25
PIN,2024-03-24 11:00:00,11,24,3,0.055,,,,,,70.0,,,,,,,,,,,2024-03-24 11:00:00,55.0,29.75,64.58333333333333,51.10909090909092,Buena,Aceptable,Mala,Mala,PM25
PIN,2024-03-24 12:00:00,12,24,3,0.055,,,,,,94.0,,,,,,,,,,,2024-03-24 12:00:00,55.0,32.125,68.91666666666667,54.31,Buena,Aceptable,Mala,Mala,PM25
PIN,2024-03-24 13:00:00,13,24,3,0.053,,,,,,73.0,,,,,,,,,,,2024-03-24 13:00:00,53.0,35.875,72.08333333333333,58.35555555555556,Buena,Aceptable,Mala,Mala,PM25
PIN,2024-03-24 14:00:00,14,24,3,0.052,,,,,,133.0,120.3,,,,,,,,,,2024-03-24 14:00:00,52.0,41.5,80.75,69.33333333333333,Buena,Mala,Mala,Mala,"PM10, PM25"
PIN,2024-03-24 15:00:00,15,24,3,0.052,,,,,,82.0,81.5,,,,,,,,,,2024-03-24 15:00:00,52.0,47.0,84.25,75.11111111111111,Buena,Mala,Mala,Mala,"PM10, PM25"
PIN,2024-03-24 16:00:00,16,24,3,0.051,,,,,,112.0,,,,,,,,,,,2024-03-24 16:00:00,51.0,51.625,91.08333333333333,,Aceptable,Mala,,Mala,PM10
PIN,2024-03-24 17:00:00,17,24,3,0.048,,,,,,122.0,121.2,,,,,,,,,,2024-03-24 17:00:00,48.0,52.375,98.83333333333333,,Aceptable,Mala,,Mala,PM10
PIN,2024-03-24 18:00:00,18,24,3,0.044,,,,,,96.0,91.4,,,,,,,,,,2024-03-24 18:00:00,44.0,51.25,100.66666666666667,,Aceptable,Mala,,Mala,PM10
PIN,2024-03-24 19:00:00,19,24,3,0.038,,,,,,59.0,45.7,,,,,,,,,,2024-03-24 19:00:00,38.0,49.125,94.66666666666667,,Buena,Mala,,Mala,PM10
PIN,2024-03-24 20:00:00,20,24,3,0.031,,,,,,44.0,35.3,,,,,,,,,,2024-03-24 20:00:00,31.0,46.125,88.33333333333333,,Buena,Mala,,Mala,PM10
PIN,2024-03-24 21:00:00,21,24,3,0.03,,,,,,50.0,31.4,,,,,,,,,,2024-03-24 21:00:00,30.0,43.25,84.25,,Buena,Mala,,Mala,PM10
PIN,2024-03-24 22:00:00,22,24,3,0.028,,,,,,58.0,33.0,,,,,,,,,,2024-03-24 22:00:00,28.0,40.25,82.75,,Buena,Mala,,Mala,PM10
PIN,2024-03-24 23:00:00,23,24,3,0.019,,,,,,66.0,42.9,,,,,,,,,,2024-03-24 23:00:00,19.0,36.125,82.41666666666667,66.96666666666665,Buena,Mala,Mala,Mala,"PM10, PM25"
PIN,2024-03-25 00:00:00,0,25,3,0.021,,,,,,69.0,51.6,,,,,,,,,,2024-03-25 00:00:00,21.0,32.375,80.33333333333333,65.42999999999999,Buena,Mala,Mala,Mala,"PM10, PM25"
PIN,2024-03-25 01:00:00,1,25,3,0.03,,,,,,46.0,35.0,,,,,,,,,,2024-03-25 01:00:00,30.0,30.125,78.08333333333333,62.66363636363636,Buena,Mala,Mala,Mala,"PM10, PM25"
PIN,2024-03-25 02:00:00,2,25,3,0.031,,,,,,34.0,26.0,,,,,,,,,,2024-03-25 02:00:00,31.0,28.5,69.83333333333333,54.09090909090909,Buena,Aceptable,Mala,Mala,PM25
PIN,2024-03-25 03:00:00,3,25,3,0.027,,,,,,41.0,28.9,,,,,,,,,,2024-03-25 03:00:00,27.0,27.125,66.41666666666667,49.309090909090905,Buena,Aceptable,Mala,Mala,PM25
PIN,2024-03-25 04:00:00,4,25,3,0.008,,,,,,52.0,46.7,,,,,,,,,,2024-03-25 04:00:00,8.0,24.25,61.416666666666664,49.09166666666667,Buena,Aceptable,Mala,Mala,PM25
PIN,2024-03-25 05:00:00,5,25,3,0.004,,,,,,75.0,56.4,,,,,,,,,,2024-03-25 05:00:00,4.0,21.0,57.5,43.69166666666666,Buena,Aceptable,Aceptable,Aceptable,"PM10, PM25"
PIN,2024-03-25 06:00:00,6,25,3,0.004,,,,,,101.0,79.4,,,,,,,,,,2024-03-25 06:00:00,4.0,18.0,57.916666666666664,42.69166666666667,Buena,Aceptable,Aceptable,Aceptable,"PM10, PM25"
PIN,2024-03-25 07:00:00,7,25,3,0.007,,,,,,111.0,89.2,,,,,,,,,,2024-03-25 07:00:00,7.0,16.5,62.25,46.31666666666666,Buena,Aceptable,Mala,Mala,PM25
PIN,2024-03-25 08:00:00,8,25,3,0.025,,,,,,150.0,142.0,,,,,,,,,,2024-03-25 08:00:00,25.0,17.0,71.08333333333333,55.208333333333336,Buena,Aceptable,Mala,Mala,PM25
PIN,2024-03-25 09:00:00,9,25,3,0.041,,,,,,88.0,,,,,,,,,,,2024-03-25 09:00:00,41.0,18.375,74.25,57.372727272727275,Buena,Aceptable,Mala,Mala,PM25
PIN,2024-03-25 10:00:00,10,25,3,0.046,,,,,,66.0,55.7,,,,,,,,,,2024-03-25 10:00:00,46.0,20.25,74.91666666666667,59.436363636363645,Buena,Aceptable,Mala,Mala,PM25
PIN,2024-03-25 11:00:00,11,25,3,0.047,,,,,,77.0,70.3,,,,,,,,,,2024-03-25 11:00:00,47.0,22.75,75.83333333333333,61.92727272727273,Buena,Mala,Mala,Mala,"PM10, PM25"
PIN,2024-03-25 12:00:00,12,25,3,0.05,,,,,,91.0,,,,,,,,,,,2024-03-25 12:00:00,50.0,28.0,77.66666666666667,62.960000000000015,Buena,Mala,Mala,Mala,"PM10, PM25"
PIN,2024-03-25 13:00:00,13,25,3,0.053,,,,,,103.0,,,,,,,,,,,2024-03-25 13:00:00,53.0,34.125,82.41666666666667,66.06666666666668,Buena,Mala,Mala,Mala,"PM10, PM25"
PIN,2024-03-25 14:00:00,14,25,3,0.054,,,,,,107.0,,,,,,,,,,,2024-03-25 14:00:00,54.0,40.375,88.5,,Buena,Mala,,Mala,PM10
PIN,2024-03-25 15:00:00,15,25,3,0.053,,,,,,92.0,,,,,,,,,,,2024-03-25 15:00:00,53.0,46.125,92.75,,Buena,Mala,,Mala,PM10
PIN,2024-03-25 16:00:00,16,25,3,0.053,,,,,,91.0,,,,,,,,,,,2024-03-25 16:00:00,53.0,49.625,96.0,,Buena,Mala,,Mala,PM10
PIN,2024-03-25 17:00:00,17,25,3,0.053,,,,,,84.0,72.1,,,,,,,,,,2024-03-25 17:00:00,53.0,51.125,96.75,,Aceptable,Mala,,Mala,PM10
PIN,2024-03-25 18:00:00,18,25,3,0.039,,,,,,91.0,86.8,,,,,,,,,,2024-03-25 18:00:00,39.0,50.25,95.91666666666667,,Buena,Mala,,Mala,PM10
PIN,2024-03-25 19:00:00,19,25,3,0.034,,,,,,82.0,,,,,,,,,,,2024-03-25 19:00:00,34.0,48.625,93.5,,Buena,Mala,,Mala,PM10
PIN,2024-03-25 20:00:00,20,25,3,0.025,,,,,,69.0,66.9,,,,,,,,,,2024-03-25 20:00:00,25.0,45.5,86.75,,Buena,Mala,,Mala,PM10
PIN,2024-03-25 21:00:00,21,25,3,0.018,,,,,,58.0,40.9,,,,,,,,,,2024-03-25 21:00:00,18.0,41.125,84.25,,Buena,Mala,,Mala,PM10
PIN,2024-03-25 22:00:00,22,25,3,0.006,,,,,,85.0,62.2,,,,,,,,,,2024-03-25 22:00:00,6.0,35.125,85.83333333333333,,Buena,Mala,,Mala,PM10
PIN,2024-03-25 23:00:00,23,25,3,0.018,,,,,,110.0,92.2,,,,,,,,,,2024-03-25 23:00:00,18.0,30.75,88.58333333333333,,Buena,Mala,,Mala,PM10
PIN,2024-03-26 00:00:00,0,26,3,0.023,,,,,,66.0,49.3,,,,,,,,,,2024-03-26 00:00:00,23.0,27.0,86.5,,Buena,Mala,,Mala,PM10
PIN,2024-03-26 01:00:00,1,26,3,0.014,,,,,,54.0,43.3,,,,,,,,,,2024-03-26 01:00:00,14.0,22.125,82.41666666666667,,Buena,Mala,,Mala,PM10
PIN,2024-03-26 02:00:00,2,26,3,0.015,,,,,,65.0,49.0,,,,,,,,,,2024-03-26 02:00:00,15.0,19.125,78.91666666666667,62.522222222222226,Buena,Mala,Mala,Mala,"PM10, PM25"
PIN,2024-03-26 03:00:00,3,26,3,0.005,,,,,,73.0,55.8,,,,,,,,,,2024-03-26 03:00:00,5.0,15.5,77.33333333333333,61.85,Buena,Mala,Mala,Mala,"PM10, PM25"
PIN,2024-03-26 04:00:00,4,26,3,0.005,,,,,,87.0,67.5,,,,,,,,,,2024-03-26 04:00:00,5.0,13.0,77.0,62.36363636363637,Buena,Mala,Mala,Mala,"PM10, PM25"
PIN,2024-03-26 05:00:00,5,26,3,0.005,,,,,,124.0,92.6,,,,,,,,,,2024-03-26 05:00:00,5.0,11.375,80.33333333333333,64.22727272727273,Buena,Mala,Mala,Mala,"PM10, PM25"
PIN,2024-03-26 06:00:00,6,26,3,0.006,,,,,,160.0,119.1,,,,,,,,,,2024-03-26 06:00:00,6.0,11.375,86.08333333333333,67.16363636363636,Buena,Mala,Mala,Mala,"PM10, PM25"
PIN,2024-03-26 07:00:00,7,26,3,0.007,,,,,,180.0,136.3,,,,,,,,,,2024-03-26 07:00:00,7.0,10.0,94.25,72.925,Buena,Mala,Mala,Mala,"PM10, PM25"
PIN,2024-03-26 08:00:00,8,26,3,0.01,,,,,,183.0,143.9,,,,,,,,,,2024-03-26 08:00:00,10.0,8.375,103.75,79.34166666666667,Buena,Mala,Muy Mala,Muy Mala,PM25
PIN,2024-03-26 09:00:00,9,26,3,0.027,,,,,,203.0,179.8,,,,,,,,,,2024-03-26 09:00:00,27.0,10.0,115.83333333333333,90.91666666666667,Buena,Mala,Muy Mala,Muy Mala,PM25
PIN,2024-03-26 10:00:00,10,26,3,0.042,,,,,,112.0,109.3,,,,,,,,,,2024-03-26 10:00:00,42.0,13.375,118.08333333333333,94.84166666666665,Buena,Mala,Muy Mala,Muy Mala,PM25
PIN,2024-03-26 11:00:00,11,26,3,0.055,,,,,,58.0,,,,,,,,,,,2024-03-26 11:00:00,55.0,19.625,113.75,95.08181818181819,Buena,Mala,Muy Mala,Muy Mala,PM25
PIN,2024-03-26 12:00:00,12,26,3,0.054,,,,,,51.0,,,,,,,,,,,2024-03-26 12:00:00,54.0,25.75,112.5,99.66,Buena,Mala,Muy Mala,Muy Mala,PM25
PIN,2024-03-26 13:00:00,13,26,3,0.055,,,,,,96.0,92.1,,,,,,,,,,2024-03-26 13:00:00,55.0,32.0,116.0,104.53999999999999,Buena,Mala,Muy Mala,Muy Mala,PM25
PIN,2024-03-26 14:00:00,14,26,3,0.054,,,,,,112.0,111.5,,,,,,,,,,2024-03-26 14:00:00,54.0,38.0,119.91666666666667,110.78999999999999,Buena,Mala,Muy Mala,Muy Mala,PM25
PIN,2024-03-26 15:00:00,15,26,3,0.052,,,,,,94.0,,,,,,,,,,,2024-03-26 15:00:00,52.0,43.625,121.66666666666667,116.89999999999999,Buena,Mala,Muy Mala,Muy Mala,PM25
PIN,2024-03-26 16:00:00,16,26,3,0.052,,,,,,58.0,56.6,,,,,,,,,,2024-03-26 16:00:00,52.0,48.875,119.25,115.6888888888889,Buena,Mala,Muy Mala,Muy Mala,PM25
PIN,2024-03-26 17:00:00,17,26,3,0.053,,,,,,60.0,42.7,,,,,,,,,,2024-03-26 17:00:00,53.0,52.125,113.91666666666667,110.14444444444445,Aceptable,Mala,Muy Mala,Muy Mala,PM25
PIN,2024-03-26 18:00:00,18,26,3,0.046,,,,,,68.0,58.8,,,,,,,,,,2024-03-26 18:00:00,46.0,52.625,106.25,103.44444444444446,Aceptable,Mala,Muy Mala,Muy Mala,PM25
PIN,2024-03-26 19:00:00,19,26,3,0.034,,,,,,74.0,71.1,,,,,,,,,,2024-03-26 19:00:00,34.0,50.0,97.41666666666667,96.19999999999999,Buena,Mala,Muy Mala,Muy Mala,PM25
PIN,2024-03-26 20:00:00,20,26,3,0.018,,,,,,64.0,49.6,,,,,,,,,,2024-03-26 20:00:00,18.0,45.5,87.5,85.72222222222223,Buena,Mala,Muy Mala,Muy Mala,PM25
PIN,2024-03-26 21:00:00,21,26,3,0.014,,,,,,81.0,46.6,,,,,,,,,,2024-03-26 21:00:00,14.0,40.375,77.33333333333333,70.92222222222222,Buena,Mala,Mala,Mala,"PM10, PM25"
PIN,2024-03-26 22:00:00,22,26,3,0.02,,,,,,74.0,41.1,,,,,,,,,,2024-03-26 22:00:00,20.0,36.125,74.16666666666667,63.34444444444445,Buena,Aceptable,Mala,Mala,PM25
PIN,2024-03-26 23:00:00,23,26,3,0.017,,,,,,85.0,53.0,,,,,,,,,,2024-03-26 23:00:00,17.0,31.75,76.41666666666667,62.31,Buena,Mala,Mala,Mala,"PM10, PM25"
PIN,2024-03-27 00:00:00,0,27,3,0.024,,,,,,65.0,49.7,,,,,,,,,,2024-03-27 00:00:00,24.0,28.25,77.58333333333333,61.16363636363637,Buena,Mala,Mala,Mala,"PM10, PM25"
PIN,2024-03-27 01:00:00,1,27,3,0.026,,,,,,53.0,38.9,,,,,,,,,,2024-03-27 01:00:00,26.0,24.875,74.0,56.32727272727273,Buena,Aceptable,Mala,Mala,PM25
PIN,2024-03-27 02:00:00,2,27,3,0.01,,,,,,77.0,59.9,,,,,,,,,,2024-03-27 02:00:00,10.0,20.375,71.08333333333333,51.63636363636363,Buena,Aceptable,Mala,Mala,PM25
PIN,2024-03-27 03:00:00,3,27,3,0.005,,,,,,112.0,79.9,,,,,,,,,,2024-03-27 03:00:00,5.0,16.75,72.58333333333333,53.99166666666667,Buena,Aceptable,Mala,Mala,PM25
PIN,2024-03-27 04:00:00,4,27,3,0.006,,,,,,144.0,104.1,,,,,,,,,,2024-03-27 04:00:00,6.0,15.25,79.75,57.949999999999996,Buena,Mala,Mala,Mala,"PM10, PM25"
PIN,2024-03-27 05:00:00,5,27,3,0.007,,,,,,158.0,116.8,,,,,,,,,,2024-03-27 05:00:00,7.0,14.375,87.91666666666667,64.125,Buena,Mala,Mala,Mala,"PM10, PM25"
PIN,2024-03-27 06:00:00,6,27,3,0.007,,,,,,179.0,134.4,,,,,,,,,,2024-03-27 06:00:00,7.0,12.75,97.16666666666667,70.425,Buena,Mala,Mala,Mala,"PM10, PM25"
PIN,2024-03-27 07:00:00,7,27,3,0.007,,,,,,256.0,189.1,,,,,,,,,,2024-03-27 07:00:00,7.0,11.5,112.33333333333333,80.25833333333334,Buena,Mala,Muy Mala,Muy Mala,PM25
PIN,2024-03-27 08:00:00,8,27,3,0.012,,,,,,236.0,191.1,,,,,,,,,,2024-03-27 08:00:00,12.0,10.0,126.66666666666667,92.05,Buena,Mala,Muy Mala,Muy Mala,PM25
PIN,2024-03-27 09:00:00,9,27,3,0.021,,,,,,170.0,,,,,,,,,,,2024-03-27 09:00:00,21.0,9.375,134.08333333333334,96.18181818181816,Buena,Mala,Muy Mala,Muy Mala,PM25
PIN,2024-03-27 10:00:00,10,27,3,0.046,,,,,,116.0,,,,,,,,,,,2024-03-27 10:00:00,46.0,13.875,137.58333333333334,101.68999999999998,Buena,Mala,Muy Mala,Muy Mala,PM25
PIN,2024-03-27 11:00:00,11,27,3,0.067,,,,,,97.0,91.7,,,,,,,,,,2024-03-27 11:00:00,67.0,21.625,138.58333333333334,105.55999999999999,Buena,Mala,Muy Mala,Muy Mala,PM25
PIN,2024-03-27 12:00:00,12,27,3,0.072,,,,,,76.0,66.1,,,,,,,,,,2024-03-27 12:00:00,72.0,29.875,139.5,107.2,Buena,Mala,Muy Mala,Muy Mala,PM25
PIN,2024-03-27 13:00:00,13,27,3,0.074,,,,,,41.0,,,,,,,,,,,2024-03-27 13:00:00,74.0,38.25,138.5,114.7888888888889,Buena,Mala,Muy Mala,Muy Mala,PM25
PIN,2024-03-27 14:00:00,14,27,3,0.079,,,,,,38.0,,,,,,,,,,,2024-03-27 14:00:00,79.0,47.25,135.25,,Buena,Mala,,Mala,PM10
PIN,2024-03-27 15:00:00,15,27,3,0.085,,,,,,40.0,35.7,,,,,,,,,,2024-03-27 15:00:00,85.0,57.0,129.25,,Aceptable,Mala,,Mala,PM10
PIN,2024-03-27 16:00:00,16,27,3,0.092,,,,,,45.0,43.0,,,,,,,,,,2024-03-27 16:00:00,92.0,67.0,121.0,,Aceptable,Mala,,Mala,PM10
PIN,2024-03-27 17:00:00,17,27,3,0.065,,,,,,47.0,42.0,,,,,,,,,,2024-03-27 17:00:00,65.0,72.5,111.75,,Mala,Mala,,Mala,"O3, PM10"
PIN,2024-03-27 18:00:00,18,27,3,0.039,,,,,,41.0,41.7,,,,,,,,,,2024-03-27 18:00:00,39.0,71.625,100.25,,Mala,Mala,,Mala,"O3, PM10"
PIN,2024-03-27 19:00:00,19,27,3,0.014,,,,,,96.0,90.6,,,,,,,,,,2024-03-27 19:00:00,14.0,65.0,86.91666666666667,,Aceptable,Mala,,Mala,PM10
PIN,2024-03-27 20:00:00,20,27,3,0.008,,,,,,131.0,93.5,,,,,,,,,,2024-03-27 20:00:00,8.0,57.0,78.16666666666667,,Aceptable,Mala,,Mala,PM10
PIN,2024-03-27 21:00:00,21,27,3,0.014,,,,,,99.0,74.9,,,,,,,,,,2024-03-27 21:00:00,14.0,49.5,72.25,64.35555555555555,Buena,Aceptable,Mala,Mala,PM25
PIN,2024-03-27 22:00:00,22,27,3,0.012,,,,,,163.0,106.5,,,,,,,,,,2024-03-27 22:00:00,12.0,41.125,76.16666666666667,68.57000000000001,Buena,Mala,Mala,Mala,"PM10, PM25"
PIN,2024-03-27 23:00:00,23,27,3,0.011,,,,,,120.0,73.9,,,,,,,,,,2024-03-27 23:00:00,11.0,31.875,78.08333333333333,66.78999999999999,Buena,Mala,Mala,Mala,"PM10, PM25"
PIN,2024-03-28 00:00:00,0,28,3,0.008,,,,,,108.0,58.0,,,,,,,,,,2024-03-28 00:00:00,8.0,21.375,80.75,65.98,Buena,Mala,Mala,Mala,"PM10, PM25"
PIN,2024-03-28 01:00:00,1,28,3,0.011,,,,,,101.0,67.3,,,,,,,,,,2024-03-28 01:00:00,11.0,14.625,85.75,66.10000000000001,Buena,Mala,Mala,Mala,"PM10, PM25"
PIN,2024-03-28 02:00:00,2,28,3,0.007,,,,,,120.0,89.6,,,,,,,,,,2024-03-28 02:00:00,7.0,10.625,92.58333333333333,68.05833333333334,Buena,Mala,Mala,Mala,"PM10, PM25"
PIN,2024-03-28 03:00:00,3,28,3,0.004,,,,,,170.0,118.9,,,,,,,,,,2024-03-28 03:00:00,4.0,9.375,103.41666666666667,74.99166666666666,Buena,Mala,Mala,Mala,"PM10, PM25"
PIN,2024-03-28 04:00:00,4,28,3,0.004,,,,,,144.0,102.8,,,,,,,,,,2024-03-28 04:00:00,4.0,8.875,111.66666666666667,79.97500000000001,Buena,Mala,Muy Mala,Muy Mala,PM25
PIN,2024-03-28 05:00:00,5,28,3,0.005,,,,,,148.0,103.2,,,,,,,,,,2024-03-28 05:00:00,5.0,7.75,120.08333333333333,85.075,Buena,Mala,Muy Mala,Muy Mala,PM25
PIN,2024-03-28 06:00:00,6,28,3,0.006,,,,,,181.0,119.3,,,,,,,,,,2024-03-28 06:00:00,6.0,7.0,131.75,91.54166666666667,Buena,Mala,Muy Mala,Muy Mala,PM25
PIN,2024-03-28 07:00:00,7,28,3,0.006,,,,,,181.0,125.5,,,,,,,,,,2024-03-28 07:00:00,6.0,6.375,138.83333333333334,94.45,Buena,Mala,Muy Mala,Muy Mala,PM25
PIN,2024-03-28 08:00:00,8,28,3,0.018,,,,,,118.0,103.2,,,,,,,,,,2024-03-28 08:00:00,18.0,7.625,137.75,95.25833333333334,Buena,Mala,Muy Mala,Muy Mala,PM25
PIN,2024-03-28 09:00:00,9,28,3,0.033,,,,,,72.0,,,,,,,,,,,2024-03-28 09:00:00,33.0,10.375,135.5,97.10909090909091,Buena,Mala,Muy Mala,Muy Mala,PM25
PIN,2024-03-28 10:00:00,10,28,3,0.044,,,,,,53.0,,,,,,,,,,,2024-03-28 10:00:00,44.0,15.0,126.33333333333333,96.17,Buena,Mala,Muy Mala,Muy Mala,PM25
PIN,2024-03-28 11:00:00,11,28,3,0.058,,,,,,55.0,,,,,,,,,,,2024-03-28 11:00:00,58.0,21.75,120.91666666666667,98.64444444444445,Buena,Mala,Muy Mala,Muy Mala,PM25
PIN,2024-03-28 12:00:00,12,28,3,0.069,,,,,,64.0,,,,,,,,,,,2024-03-28 12:00:00,69.0,29.875,117.25,,Buena,Mala,,Mala,PM10
PIN,2024-03-28 13:00:00,13,28,3,0.077,,,,,,71.0,,,,,,,,,,,2024-03-28 13:00:00,77.0,38.875,114.75,,Buena,Mala,,Mala,PM10
PIN,2024-03-28 14:00:00,14,28,3,0.077,,,,,,81.0,70.7,,,,,,,,,,2024-03-28 14:00:00,77.0,47.75,111.5,,Buena,Mala,,Mala,PM10
PIN,2024-03-28 15:00:00,15,28,3,0.081,,,,,,67.0,60.3,,,,,,,,,,2024-03-28 15:00:00,81.0,57.125,102.91666666666667,,Aceptable,Mala,,Mala,PM10
PIN,2024-03-28 16:00:00,16,28,3,0.081,,,,,,65.0,56.8,,,,,,,,,,2024-03-28 16:00:00,81.0,65.0,96.33333333333333,,Aceptable,Mala,,Mala,PM10
PIN,2024-03-28 17:00:00,17,28,3,0.079,,,,,,61.0,59.9,,,,,,,,,,2024-03-28 17:00:00,79.0,70.75,89.08333333333333,,Mala,Mala,,Mala,"O3, PM10"
PIN,2024-03-28 18:00:00,18,28,3,0.076,,,,,,60.0,57.0,,,,,,,,,,2024-03-28 18:00:00,76.0,74.75,79.0,,Mala,Mala,,Mala,"O3, PM10"
PIN,2024-03-28 19:00:00,19,28,3,0.052,,,,,,77.0,73.8,,,,,,,,,,2024-03-28 19:00:00,52.0,74.0,70.33333333333333,,Mala,Aceptable,,Mala,O3
PIN,2024-03-28 20:00:00,20,28,3,0.032,,,,,,123.0,110.6,,,,,,,,,,2024-03-28 20:00:00,32.0,69.375,70.75,,Aceptable,Aceptable,,Aceptable,"O3, PM10"
PIN,2024-03-28 21:00:00,21,28,3,0.038,,,,,,120.0,105.7,,,,,,,,,,2024-03-28 21:00:00,38.0,64.5,74.75,,Aceptable,Aceptable,,Aceptable,"O3, PM10"
PIN,2024-03-28 22:00:00,22,28,3,0.038,,,,,,110.0,86.1,,,,,,,,,,2024-03-28 22:00:00,38.0,59.625,79.5,75.65555555555555,Aceptable,Mala,Mala,Mala,"PM10, PM25"
PIN,2024-03-28 23:00:00,23,28,3,0.041,,,,,,80.0,53.3,,,,,,,,,,2024-03-28 23:00:00,41.0,54.625,81.58333333333333,73.41999999999999,Aceptable,Mala,Mala,Mala,"PM10, PM25"
PIN,2024-03-29 00:00:00,0,29,3,0.039,,,,,,52.0,35.1,,,,,,,,,,2024-03-29 00:00:00,39.0,49.375,80.58333333333333,69.93636363636364,Buena,Mala,Mala,Mala,"PM10, PM25"
PIN,2024-03-29 01:00:00,1,29,3,0.039,,,,,,43.0,25.5,,,,,,,,,,2024-03-29 01:00:00,39.0,44.375,78.25,66.23333333333333,Buena,Mala,Mala,Mala,"PM10, PM25"
PIN,2024-03-29 02:00:00,2,29,3,0.038,,,,,,42.0,29.4,,,,,,,,,,2024-03-29 02:00:00,38.0,39.625,75.0,62.791666666666664,Buena,Aceptable,Mala,Mala,PM25
PIN,2024-03-29 03:00:00,3,29,3,0.035,,,,,,43.0,30.9,,,,,,,,,,2024-03-29 03:00:00,35.0,37.5,73.0,60.34166666666666,Buena,Aceptable,Mala,Mala,PM25
PIN,2024-03-29 04:00:00,4,29,3,0.023,,,,,,55.0,37.5,,,,,,,,,,2024-03-29 04:00:00,23.0,36.375,72.16666666666667,58.73333333333333,Buena,Aceptable,Mala,Mala,PM25
PIN,2024-03-29 05:00:00,5,29,3,0.007,,,,,,65.0,40.3,,,,,,,,,,2024-03-29 05:00:00,7.0,32.5,72.5,57.1,Buena,Aceptable,Mala,Mala,PM25
PIN,2024-03-29 06:00:00,6,29,3,0.005,,,,,,123.0,91.1,,,,,,,,,,2024-03-29 06:00:00,5.0,28.375,77.75,59.94166666666666,Buena,Mala,Mala,Mala,"PM10, PM25"
PIN,2024-03-29 07:00:00,7,29,3,0.006,,,,,,140.0,113.3,,,,,,,,,,2024-03-29 07:00:00,6.0,24.0,83.0,63.23333333333333,Buena,Mala,Mala,Mala,"PM10, PM25"
PIN,2024-03-29 08:00:00,8,29,3,0.015,,,,,,152.0,133.7,,,,,,,,,,2024-03-29 08:00:00,15.0,21.0,85.41666666666667,65.15833333333335,Buena,Mala,Mala,Mala,"PM10, PM25"
PIN,2024-03-29 09:00:00,9,29,3,0.033,,,,,,116.0,,,,,,,,,,,2024-03-29 09:00:00,33.0,20.25,85.08333333333333,61.472727272727276,Buena,Mala,Mala,Mala,"PM10, PM25"
PIN,2024-03-29 10:00:00,10,29,3,0.049,,,,,,50.0,,,,,,,,,,,2024-03-29 10:00:00,49.0,21.625,80.08333333333333,59.010000000000005,Buena,Mala,Mala,Mala,"PM10, PM25"
PIN,2024-03-29 11:00:00,11,29,3,0.06,,,,,,36.0,,,,,,,,,,,2024-03-29 11:00:00,60.0,24.75,76.41666666666667,59.64444444444445,Buena,Mala,Mala,Mala,"PM10, PM25"
PIN,2024-03-29 12:00:00,12,29,3,0.068,,,,,,43.0,,,,,,,,,,,2024-03-29 12:00:00,68.0,30.375,75.66666666666667,,Buena,Mala,,Mala,PM10
PIN,2024-03-29 13:00:00,13,29,3,0.07,,,,,,45.0,,,,,,,,,,,2024-03-29 13:00:00,70.0,38.25,75.83333333333333,,Buena,Mala,,Mala,PM10
PIN,2024-03-29 14:00:00,14,29,3,0.064,,,,,,48.0,49.3,,,,,,,,,,2024-03-29 14:00:00,64.0,45.625,76.33333333333333,,Buena,Mala,,Mala,PM10
PIN,2024-03-29 15:00:00,15,29,3,0.05,,,,,,75.0,69.7,,,,,,,,,,2024-03-29 15:00:00,50.0,51.125,79.0,,Aceptable,Mala,,Mala,PM10
PIN,2024-03-29 16:00:00,16,29,3,0.046,,,,,,74.0,73.6,,,,,,,,,,2024-03-29 16:00:00,46.0,55.0,80.58333333333333,,Aceptable,Mala,,Mala,PM10
PIN,2024-03-29 17:00:00,17,29,3,0.042,,,,,,72.0,67.9,,,,,,,,,,2024-03-29 17:00:00,42.0,56.125,81.16666666666667,,Aceptable,Mala,,Mala,PM10
PIN,2024-03-29 18:00:00,18,29,3,0.041,,,,,,64.0,57.1,,,,,,,,,,2024-03-29 18:00:00,41.0,55.125,76.25,,Aceptable,Mala,,Mala,PM10
PIN,2024-03-29 19:00:00,19,29,3,0.039,,,,,,56.0,38.8,,,,,,,,,,2024-03-29 19:00:00,39.0,52.5,69.25,,Aceptable,Aceptable,,Aceptable,"O3, PM10"
PIN,2024-03-29 20:00:00,20,29,3,0.037,,,,,,65.0,38.0,,,,,,,,,,2024-03-29 20:00:00,37.0,48.625,62.0,,Buena,Aceptable,,Aceptable,PM10
PIN,2024-03-29 21:00:00,21,29,3,0.032,,,,,,65.0,43.3,,,,,,,,,,2024-03-29 21:00:00,32.0,43.875,57.75,,Buena,Aceptable,,Aceptable,PM10
PIN,2024-03-29 22:00:00,22,29,3,0.032,,,,,,73.0,33.7,,,,,,,,,,2024-03-29 22:00:00,32.0,39.875,59.666666666666664,52.37777777777777,Buena,Aceptable,Mala,Mala,PM25
PIN,2024-03-29 23:00:00,23,29,3,0.026,,,,,,55.0,37.2,,,,,,,,,,2024-03-29 23:00:00,26.0,36.875,61.25,50.86,Buena,Aceptable,Mala,Mala,PM25
PIN,2024-03-30 00:00:00,0,30,3,0.024,,,,,,48.0,40.7,,,,,,,,,,2024-03-30 00:00:00,24.0,34.125,61.666666666666664,49.93636363636363,Buena,Aceptable,Mala,Mala,PM25
PIN,2024-03-30 01:00:00,1,30,3,0.019,,,,,,70.0,60.7,,,,,,,,,,2024-03-30 01:00:00,19.0,31.25,63.75,50.833333333333336,Buena,Aceptable,Mala,Mala,PM25
PIN,2024-03-30 02:00:00,2,30,3,0.02,,,,,,69.0,57.7,,,,,,,,,,2024-03-30 02:00:00,20.0,28.625,65.5,51.53333333333334,Buena,Aceptable,Mala,Mala,PM25
PIN,2024-03-30 03:00:00,3,30,3,0.015,,,,,,57.0,48.6,,,,,,,,,,2024-03-30 03:00:00,15.0,25.625,64.0,49.775,Buena,Aceptable,Mala,Mala,PM25
PIN,2024-03-30 04:00:00,4,30,3,0.007,,,,,,110.0,78.9,,,,,,,,,,2024-03-30 04:00:00,7.0,21.875,67.0,50.21666666666667,Buena,Aceptable,Mala,Mala,PM25
PIN,2024-03-30 05:00:00,5,30,3,0.005,,,,,,127.0,109.4,,,,,,,,,,2024-03-30 05:00:00,5.0,18.5,71.58333333333333,53.675000000000004,Buena,Aceptable,Mala,Mala,PM25
PIN,2024-03-30 06:00:00,6,30,3,0.005,,,,,,134.0,92.4,,,,,,,,,,2024-03-30 06:00:00,5.0,15.125,77.41666666666667,56.61666666666667,Buena,Mala,Mala,Mala,"PM10, PM25"
PIN,2024-03-30 07:00:00,7,30,3,0.005,,,,,,153.0,104.2,,,,,,,,,,2024-03-30 07:00:00,5.0,12.5,85.5,62.06666666666667,Buena,Mala,Mala,Mala,"PM10, PM25"
PIN,2024-03-30 08:00:00,8,30,3,0.011,,,,,,157.0,115.4,,,,,,,,,,2024-03-30 08:00:00,11.0,10.875,93.16666666666667,68.51666666666667,Buena,Mala,Mala,Mala,"PM10, PM25"
PIN,2024-03-30 09:00:00,9,30,3,0.037,,,,,,103.0,,,,,,,,,,,2024-03-30 09:00:00,37.0,13.125,96.33333333333333,70.80909090909091,Buena,Mala,Mala,Mala,"PM10, PM25"
PIN,2024-03-30 10:00:00,10,30,3,0.054,,,,,,62.0,,,,,,,,,,,2024-03-30 10:00:00,54.0,17.375,95.41666666666667,74.52000000000001,Buena,Mala,Mala,Mala,"PM10, PM25"
PIN,2024-03-30 11:00:00,11,30,3,0.064,,,,,,65.0,,,,,,,,,,,2024-03-30 11:00:00,64.0,23.5,96.25,78.66666666666667,Buena,Mala,Mala,Mala,"PM10, PM25"
PIN,2024-03-30 12:00:00,12,30,3,0.068,,,,,,68.0,66.2,,,,,,,,,,2024-03-30 12:00:00,68.0,31.125,97.91666666666667,81.50000000000001,Buena,Mala,Muy Mala,Muy Mala,PM25
PIN,2024-03-30 13:00:00,13,30,3,0.063,,,,,,58.0,59.1,,,,,,,,,,2024-03-30 13:00:00,63.0,38.375,96.91666666666667,81.32222222222224,Buena,Mala,Muy Mala,Muy Mala,PM25
PIN,2024-03-30 14:00:00,14,30,3,0.041,,,,,,40.0,,,,,,,,,,,2024-03-30 14:00:00,41.0,42.875,94.5,,Buena,Mala,,Mala,PM10
PIN,2024-03-30 15:00:00,15,30,3,0.044,,,,,,31.0,,,,,,,,,,,2024-03-30 15:00:00,44.0,47.75,92.33333333333333,,Buena,Mala,,Mala,PM10
PIN,2024-03-30 16:00:00,16,30,3,0.035,,,,,,29.0,,,,,,,,,,,2024-03-30 16:00:00,35.0,50.75,85.58333333333333,,Buena,Mala,,Mala,PM10
PIN,2024-03-30 17:00:00,17,30,3,0.034,,,,,,33.0,,,,,,,,,,,2024-03-30 17:00:00,34.0,50.375,77.75,,Buena,Mala,,Mala,PM10
PIN,2024-03-30 18:00:00,18,30,3,0.031,,,,,,33.0,29.4,,,,,,,,,,2024-03-30 18:00:00,31.0,47.5,69.33333333333333,,Buena,Aceptable,,Aceptable,PM10
PIN,2024-03-30 19:00:00,19,30,3,0.022,,,,,,54.0,51.3,,,,,,,,,,2024-03-30 19:00:00,22.0,42.25,61.083333333333336,,Buena,Aceptable,,Aceptable,PM10
PIN,2024-03-30 20:00:00,20,30,3,0.027,,,,,,80.0,60.4,,,,,,,,,,2024-03-30 20:00:00,27.0,37.125,54.666666666666664,,Buena,Aceptable,,Aceptable,PM10
PIN,2024-03-30 21:00:00,21,30,3,0.024,,,,,,71.0,55.2,,,,,,,,,,2024-03-30 21:00:00,24.0,32.25,52.0,,Buena,Aceptable,,Aceptable,PM10
PIN,2024-03-30 22:00:00,22,30,3,0.02,,,,,,81.0,59.3,,,,,,,,,,2024-03-30 22:00:00,20.0,29.625,53.583333333333336,,Buena,Aceptable,,Aceptable,PM10
PIN,2024-03-30 23:00:00,23,30,3,0.017,,,,,,76.0,56.0,,,,,,,,,,2024-03-30 23:00:00,17.0,26.25,54.5,,Buena,Aceptable,,Aceptable,PM10
PIN,2024-03-31 00:00:00,0,31,3,0.014,,,,,,68.0,56.6,,,,,,,,,,2024-03-31 00:00:00,14.0,23.625,54.5,,Buena,Aceptable,,Aceptable,PM10
PIN,2024-03-31 01:00:00,1,31,3,0.014,,,,,,62.0,48.0,,,,,,,,,,2024-03-31 01:00:00,14.0,21.125,54.833333333333336,,Buena,Aceptable,,Aceptable,PM10
PIN,2024-03-31 02:00:00,2,31,3,0.016,,,,,,58.0,48.5,,,,,,,,,,2024-03-31 02:00:00,16.0,19.25,56.333333333333336,51.63333333333333,Buena,Aceptable,Mala,Mala,PM25
PIN,2024-03-31 03:00:00,3,31,3,0.013,,,,,,70.0,65.6,,,,,,,,,,2024-03-31 03:00:00,13.0,18.125,59.583333333333336,53.029999999999994,Buena,Aceptable,Mala,Mala,PM25
PIN,2024-03-31 04:00:00,4,31,3,0.008,,,,,,72.0,58.2,,,,,,,,,,2024-03-31 04:00:00,8.0,15.75,63.166666666666664,53.5,Buena,Aceptable,Mala,Mala,PM25
PIN,2024-03-31 05:00:00,5,31,3,0.004,,,,,,83.0,54.7,,,,,,,,,,2024-03-31 05:00:00,4.0,13.25,67.33333333333333,53.6,Buena,Aceptable,Mala,Mala,PM25
PIN,2024-03-31 06:00:00,6,31,3,0.005,,,,,,95.0,61.0,,,,,,,,,,2024-03-31 06:00:00,5.0,11.375,72.5,56.23333333333334,Buena,Aceptable,Mala,Mala,PM25
PIN,2024-03-31 07:00:00,7,31,3,0.006,,,,,,126.0,82.7,,,,,,,,,,2024-03-31 07:00:00,6.0,10.0,78.5,58.849999999999994,Buena,Mala,Mala,Mala,"PM10, PM25"
PIN,2024-03-31 08:00:00,8,31,3,0.015,,,,,,135.0,109.3,,,,,,,,,,2024-03-31 08:00:00,15.0,10.125,83.08333333333333,62.925000000000004,Buena,Mala,Mala,Mala,"PM10, PM25"
PIN,2024-03-31 09:00:00,9,31,3,0.038,,,,,,123.0,113.4,,,,,,,,,,2024-03-31 09:00:00,38.0,13.125,87.41666666666667,67.775,Buena,Mala,Mala,Mala,"PM10, PM25"
PIN,2024-03-31 10:00:00,10,31,3,0.051,,,,,,94.0,,,,,,,,,,,2024-03-31 10:00:00,51.0,17.5,88.5,68.54545454545455,Buena,Mala,Mala,Mala,"PM10, PM25"
PIN,2024-03-31 11:00:00,11,31,3,0.048,,,,,,47.0,,,,,,,,,,,2024-03-31 11:00:00,48.0,21.875,86.08333333333333,69.8,Buena,Mala,Mala,Mala,"PM10, PM25"
PIN,2024-03-31 12:00:00,12,31,3,0.044,,,,,,29.0,,,,,,,,,,,2024-03-31 12:00:00,44.0,26.375,82.83333333333333,71.26666666666667,Buena,Mala,Mala,Mala,"PM10, PM25"
PIN,2024-03-31 13:00:00,13,31,3,0.041,,,,,,30.0,,,,,,,,,,,2024-03-31 13:00:00,41.0,31.0,80.16666666666667,,Buena,Mala,,Mala,PM10
PIN,2024-03-31 14:00:00,14,31,3,0.041,,,,,,25.0,,,,,,,,,,,2024-03-31 14:00:00,41.0,35.5,77.41666666666667,,Buena,Mala,,Mala,PM10
PIN,2024-03-31 15:00:00,15,31,3,0.041,,,,,,34.0,,,,,,,,,,,2024-03-31 15:00:00,41.0,39.875,74.41666666666667,,Buena,Aceptable,,Aceptable,PM10
PIN,2024-03-31 16:00:00,16,31,3,0.037,,,,,,37.0,38.4,,,,,,,,,,2024-03-31 16:00:00,37.0,42.625,71.5,,Buena,Aceptable,,Aceptable,PM10
PIN,2024-03-31 17:00:00,17,31,3,0.034,,,,,,49.0,,,,,,,,,,,2024-03-31 17:00:00,34.0,42.125,68.66666666666667,,Buena,Aceptable,,Aceptable,PM10
PIN,2024-03-31 18:00:00,18,31,3,0.032,,,,,,47.0,39.2,,,,,,,,,,2024-03-31 18:00:00,32.0,39.75,64.66666666666667,,Buena,Aceptable,,Aceptable,PM10
PIN,2024-03-31 19:00:00,19,31,3,0.032,,,,,,71.0,54.0,,,,,,,,,,2024-03-31 19:00:00,32.0,37.75,60.083333333333336,,Buena,Aceptable,,Aceptable,PM10
PIN,2024-03-31 20:00:00,20,31,3,0.027,,,,,,63.0,54.0,,,,,,,,,,2024-03-31 20:00:00,27.0,35.625,54.083333333333336,,Buena,Aceptable,,Aceptable,PM10
PIN,2024-03-31 21:00:00,21,31,3,0.017,,,,,,57.0,46.9,,,,,,,,,,2024-03-31 21:00:00,17.0,32.625,48.583333333333336,,Buena,Buena,,Buena,"O3, PM10"
PIN,2024-03-31 22:00:00,22,31,3,0.015,,,,,,76.0,55.5,,,,,,,,,,2024-03-31 22:00:00,15.0,29.375,47.083333333333336,,Buena,Buena,,Buena,"O3, PM10"
PIN,2024-03-31 23:00:00,23,31,3,0.013,,,,,,81.0,60.9,,,,,,,,,,2024-03-31 23:00:00,13.0,25.875,49.916666666666664,,Buena,Buena,,Buena,"O3, PM10"
